DateTime,load_kWh,heatdemand_kWhth,production_kWh,spot price [Rp/kWh],cop_monthly,battery_installed,ptes_installed,battery_capacity_kwh,grid_import_kWh,grid_export_kWh,battery_charge_kWh,battery_discharge_kWh,battery_soc_kWh,woodchip_boiler_heat_kWhth,heatpump_heat_kWhth,heatpump_elec_kWh,heatpump_on,heatpump_nominal_kwth,heatpump_nominal_kWhth,Q_HP_kWhth,E_elec_HP_kWh,ptes_charge_kWhth,ptes_discharge_kWhth,ptes_soc_kWhth,ptes_volume_m3,woodchip_heat_supply_share,heatpump_heat_supply_share,ptes_discharge_supply_share,self_sufficiency,direct_prod_to_load_kWh,prod_to_batt_charge_kWh,prod_via_batt_to_load_kWh,own_production_supply_kWh,self_sufficiency_production_traced,cost_opt__annual_prod_traced_self_sufficiency_fraction,cost_opt__annual_own_production_supply_kwh
2024-01-01,522.5556458333333,1089.140625,494.63177083333335,1.9527410833333334,2.9500000000000006,1.0,1.0,2000.0,125.82387500000102,0.0,20.833333333333332,29.166666666666668,873.9894736842099,0.0,309.08625000000313,104.77499999999999,1.0,5199.51460998422,1299.8786524960549,309.08625000000313,104.77499999999999,0.0,780.0543749999969,4787124.691979167,50000.0,0.0,0.2870023826503096,0.7129976173496905,0.7476198027210722,475.5861875,4.167864583333333,3.7614977864583334,479.34768528645833,0.9178076181229046,0.8871764272109515,13523227.156228334
2024-01-02,518.7574895833333,760.1953125,501.72760416666665,3.890342958333333,2.9500000000000006,1.0,1.0,2000.0,109.56963911047204,0.23676041666665185,19.774290021929822,18.78557552083333,987.6600857730288,0.0,266.6062500000016,90.375,1.0,5199.51460998422,1299.8786524960549,266.6062500000016,90.375,0.0,493.58906249999836,4724458.0253125,50000.0,0.0,0.3566957148360333,0.6433042851639666,0.7820146866848906,481.0821041666666,0.03744791666666147,0.03379674479166247,481.1159009114583,0.9253550596080534,,
2024-01-03,519.7722083333333,701.03125,512.665625,5.099444733333333,2.9500000000000006,1.0,1.0,2000.0,85.17904483963818,0.0,20.477925438596497,19.347856770833335,1067.3646299890331,0.0,224.12625000000006,75.97500000000001,1.0,5199.51460998422,1299.8786524960549,224.12625000000006,75.97500000000001,0.0,476.9049999999999,4679278.84375,50000.0,0.0,0.3307977079079609,0.669202292092039,0.8215728126402976,494.88145833333334,1.1563125000000063,0.942708255208336,495.8241665885417,0.9470374434409052,,
2024-01-04,539.2354895833333,715.6796875,503.28619791666665,7.4782225874999995,2.9500000000000006,1.0,1.0,2000.0,99.42956025630446,0.06572916666667002,19.901571271929836,19.012665104166683,1192.3122389254347,0.0,181.646249999999,61.574999999999996,1.0,5199.51460998422,1299.8786524960549,181.646249999999,61.574999999999996,0.0,534.033437500001,4631970.076979167,50000.0,0.0,0.26257770827341326,0.7374222917265866,0.7965575454279296,497.16765625,0.41548958333334113,0.4758431250000099,497.643499375,0.916972569372822,,
2024-01-05,543.9074479166667,741.265625,478.5109375,8.721073500000001,2.9500000000000006,1.0,1.0,2000.0,114.49585252192956,0.0,19.736842105263158,18.750000000000004,837.1421147752179,0.0,139.16624999999925,47.175000000000004,1.0,5199.51460998422,1299.8786524960549,139.16624999999925,47.175000000000004,0.0,602.0993750000007,4575689.050520833,50000.0,0.0,0.19140356085560417,0.8085964391443957,0.771924808963492,476.43575000000004,0.0,2.636779683484746e-17,476.43575000000004,0.8671797281822934,,
2024-01-06,538.5354583333334,768.1041666666666,464.0364583333333,7.9784248333333325,2.9500000000000006,1.0,1.0,2000.0,109.26358280838802,0.0,20.40597752192983,19.385678645833345,870.0192212171049,0.0,96.68624999999963,32.775,1.0,5199.51460998422,1299.8786524960549,96.68624999999963,32.775,0.0,671.4179166666671,4515646.399791666,50000.0,0.0,0.12919439765646412,0.8708056023435359,0.7799102456676161,460.7153229166667,0.7101770833333405,0.6409348177083396,461.35625773437505,0.8495624351378135,,
2024-01-07,506.1027916666667,777.4661458333334,449.04192708333335,8.364894166666668,2.9500000000000006,1.0,1.0,2000.0,89.35455939692982,0.0,21.156550438596494,7.618795394736842,1410.7812211348682,0.0,54.20624999999998,18.375,1.0,5199.51460998422,1299.8786524960549,54.20624999999998,18.375,0.0,723.2598958333333,4448807.978958333,50000.0,0.0,0.07143737811535071,0.9285626218846493,0.8106632913180533,442.31418749999995,3.166604166666666,1.0267403967134696,443.3409278967135,0.8708450622720326,,
2024-01-08,580.9343125,910.421875,315.96328124999997,9.954285466666667,2.9500000000000006,1.0,1.0,2000.0,267.737065125808,0.0,26.116690125807978,29.143782894736848,1258.3891950657896,0.0,12.791015625000009,4.3359375,0.7708333333333334,5199.51460998422,1299.8786524960549,12.791015625000009,4.3359375,0.0,897.630859375,4370815.563203125,50000.0,0.0,0.015028786463060745,0.9849712135369392,0.5268150273581578,315.96328124999997,0.0,1.8311198637031956,317.7944011137032,0.5385234207163648,,
2024-01-09,568.9686145833333,909.1901041666666,349.07447916666666,10.428697399999999,2.9500000000000006,1.0,1.0,2000.0,215.2891415063048,0.0,32.150321271929805,38.68980545504386,1076.4758556743423,0.0,0.0,0.0,0.0,5199.51460998422,1299.8786524960549,0.0,0.0,0.0,909.1901041666666,4283175.014374999,50000.0,0.0,0.0,1.0,0.601208952738035,349.07447916666666,0.0,0.0,349.07447916666666,0.6004664924408986,,
2024-01-10,567.54246875,906.75,368.02552083333336,10.2932123,2.9500000000000006,1.0,1.0,2000.0,207.20730355494,0.0,50.058741054940015,44.5983004385965,931.4947850054826,0.0,0.0,0.0,0.0,5199.51460998422,1299.8786524960549,0.0,0.0,0.0,906.75,4195578.454479166,50000.0,0.0,0.0,1.0,0.616745422120355,368.02552083333336,0.0,0.0,368.02552083333336,0.6458073206571345,,
2024-01-11,578.4244375,895.1770833333334,335.01328125000003,10.241996216666665,2.9500000000000006,1.0,1.0,2000.0,257.6413367670822,0.0,56.1613680170822,44.138092105263176,1011.8546425438602,0.0,0.0,0.0,0.0,5199.51460998422,1299.8786524960549,0.0,0.0,0.0,895.1770833333334,4109732.3581249993,50000.0,0.0,0.0,1.0,0.5350743186111468,335.01328125000003,0.0,0.0,335.01328125000003,0.5748033518533896,,
2024-01-12,586.2784375,953.8515625,348.55182291666665,9.642849791666666,2.9500000000000006,1.0,1.0,2000.0,235.17739499653737,0.0,44.11730124653738,49.12265350877195,958.7246524396934,0.0,0.0,0.0,0.0,5199.51460998422,1299.8786524960549,0.0,0.0,0.0,953.8515625,4020746.618541666,50000.0,0.0,0.0,1.0,0.5815681221962551,348.55182291666665,0.0,0.0,348.55182291666665,0.5897759892936866,,
2024-01-13,578.3935625,973.7760416666666,367.81848958333336,8.508616875,2.9500000000000006,1.0,1.0,2000.0,214.3472689886311,0.0,26.980468259464462,24.429760197368413,937.4033716831144,0.0,0.0,0.0,0.0,5199.51460998422,1299.8786524960549,0.0,0.0,0.0,973.7760416666666,3928305.285208333,50000.0,0.0,0.0,1.0,0.6248060905681768,367.81848958333336,0.0,0.0,367.81848958333336,0.6379047961354899,,
2024-01-14,552.8107708333333,932.6015625,360.85130208333334,8.281256041666667,2.9500000000000006,1.0,1.0,2000.0,201.2686431498153,0.0,28.23923689981532,19.92638157894738,1135.4463135416668,0.0,0.0,0.0,0.0,5199.51460998422,1299.8786524960549,0.0,0.0,0.0,932.6015625,3835079.938854166,50000.0,0.0,0.0,1.0,0.6383960636191985,360.85130208333334,0.0,0.0,360.85130208333334,0.6603164052201148,,
2024-01-15,594.6416979166667,873.5807291666666,355.54401041666665,9.2247225375,2.9500000000000006,1.0,1.0,2000.0,230.4926710526316,0.0,20.40416063596494,30.535975877192996,1359.1982087445174,0.0,0.0,0.0,0.0,5199.51460998422,1299.8786524960549,0.0,0.0,0.0,873.5807291666666,3749694.868541666,50000.0,0.0,0.0,1.0,0.605234021414198,355.54401041666665,0.0,0.0,355.54401041666665,0.5999982246702444,,
2024-01-16,576.5364479166667,888.7421875,345.02578124999997,9.8804184875,2.9500000000000006,1.0,1.0,2000.0,234.90914586218835,0.0,47.725343778855056,46.659857456140365,923.3856819353073,0.0,0.0,0.0,0.0,5199.51460998422,1299.8786524960549,0.0,0.0,0.0,888.7421875,3664601.798229166,50000.0,0.0,0.0,1.0,0.5761469116296115,345.02578124999997,0.0,0.0,345.02578124999997,0.5990564071835403,,
2024-01-17,555.6631979166667,771.0963541666666,366.9192708333333,9.600704200000001,2.9500000000000006,1.0,1.0,2000.0,190.81946874999997,0.0,27.048677083333317,26.28751096491229,943.351784046053,0.0,0.0,0.0,0.0,5199.51460998422,1299.8786524960549,0.0,0.0,0.0,771.0963541666666,3584228.993541667,50000.0,0.0,0.0,1.0,0.6479487354158806,366.9192708333333,0.0,0.0,366.9192708333333,0.6609144083066746,,
2024-01-18,549.7723020833333,734.4375,439.9908854166667,8.7868512,2.9500000000000006,1.0,1.0,2000.0,111.7151035375548,0.0,19.83268585526316,18.841051562500002,590.9675445449561,0.0,0.0,0.0,0.0,5199.51460998422,1299.8786524960549,0.0,0.0,0.0,734.4375,3514404.3034375,50000.0,0.0,0.0,1.0,0.7903199321025718,439.80748958333334,0.18339583333333329,0.16551473958333332,439.97300432291667,0.8034151765939631,,
2024-01-19,591.6533958333333,916.5260416666666,383.2252604166667,8.384851724999999,2.9500000000000006,1.0,1.0,2000.0,215.69683209256695,0.0,32.44636334256696,26.502807017543862,861.3800008223692,0.0,0.0,0.0,0.0,5199.51460998422,1299.8786524960549,0.0,0.0,0.0,916.5260416666666,3435259.8815625,50000.0,0.0,0.0,1.0,0.6273056723931739,383.2252604166667,0.0,0.0,383.2252604166667,0.649059082040142,,
2024-01-20,589.9184895833333,1007.6848958333334,349.2651041666666,7.66604655,2.9500000000000006,1.0,1.0,2000.0,241.1906060635965,0.0,20.67745668859649,21.20024846491228,540.9914548793864,0.0,0.0,0.0,0.0,5199.51460998422,1299.8786524960549,0.0,0.0,0.0,1007.6848958333334,3341668.8867708333,50000.0,0.0,0.0,1.0,0.5845304118187772,349.2651041666666,0.0,0.0,349.2651041666666,0.592002848713583,,
2024-01-21,567.2541562499999,987.8958333333334,361.14140625,7.089441675,2.9500000000000006,1.0,1.0,2000.0,222.78355208333332,0.0,19.780708333333322,3.2735855263157974,941.8709301535083,0.0,0.0,0.0,0.0,5199.51460998422,1299.8786524960549,0.0,0.0,0.0,987.8958333333334,3245655.493541667,50000.0,0.0,0.0,1.0,0.6094617716212868,361.14140625,0.0,0.0,361.14140625,0.6416684936613077,,
2024-01-22,592.47859375,905.6979166666666,374.6653645833333,7.482263208333333,2.9500000000000006,1.0,1.0,2000.0,201.14083437211448,0.0,2.4392093721145116,20.117478070175444,1258.29531526864,0.0,0.0,0.0,0.0,5199.51460998422,1299.8786524960549,0.0,0.0,0.0,905.6979166666666,3153368.0977083333,50000.0,0.0,0.0,1.0,0.6587702543863025,374.1575416666667,0.5078229166666665,0.0,374.1575416666667,0.6319375314880361,,
2024-01-23,534.2696770833334,761.3255208333334,380.63776041666665,7.196277666666667,2.9500000000000006,1.0,1.0,2000.0,158.1153198003232,0.0,22.295903133656527,18.750000000000004,582.430433689693,0.0,0.0,0.0,0.0,5199.51460998422,1299.8786524960549,0.0,0.0,0.0,761.3255208333334,3074422.8190625,50000.0,0.0,0.0,1.0,0.694574632907628,380.63776041666665,0.0,0.4583101822916664,381.0960705989583,0.7149051921588195,,
2024-01-24,523.8157395833333,681.8125,389.26484375,7.3221631875,2.9500000000000006,1.0,1.0,2000.0,134.3484895833333,0.0,17.67546874999999,18.81881578947369,791.0828284813598,0.0,0.0,0.0,0.0,5199.51460998422,1299.8786524960549,0.0,0.0,0.0,681.8125,3004587.157604167,50000.0,0.0,0.0,1.0,0.7369489437031693,388.33177083333334,0.9330729166666684,0.0,388.33177083333334,0.7411462705235068,,
2024-01-25,499.67078124999995,596.78125,491.62786458333335,7.807727750000001,2.9500000000000006,1.0,1.0,2000.0,48.007873355263165,28.849526041666667,34.67696710526316,26.816419956140347,1150.0083506578947,0.0,5.646484375000001,1.9140625,0.5104166666666666,5199.51460998422,1299.8786524960549,5.646484375000001,1.9140625,0.0,591.134765625,2944490.843151041,50000.0,0.0,0.010586388229103419,0.9894136117708965,0.9026664218485388,458.07471875000005,19.9439375,12.179039739583331,470.25375848958333,0.9244932217225688,,
2024-01-26,505.8761770833333,616.5494791666666,489.02369791666666,7.3393330500000005,2.9500000000000006,1.0,1.0,2000.0,37.21294425618942,10.416181950383779,20.325592826638964,26.322431249999998,866.017436239035,0.0,43.14375000000003,14.625,1.0,5199.51460998422,1299.8786524960549,43.14375000000003,14.625,0.0,573.4057291666667,2888792.685729166,50000.0,0.0,0.07358219660691141,0.9264178033930884,0.9261749973655338,463.15917708333336,11.68951151315789,17.212246302083333,480.3714233854167,0.9427916065088743,,
2024-01-27,488.94221875,642.125,496.9341145833334,6.5885535,2.9500000000000006,1.0,1.0,2000.0,32.93415700520828,1.7473750000000037,25.227656250000038,15.610766748903508,993.8003128837726,0.0,84.90468749999974,28.78125,1.0,5199.51460998422,1299.8786524960549,84.90468749999974,28.78125,0.0,557.2203125000003,2836412.782499999,50000.0,0.0,0.13656023775102144,0.8634397622489786,0.9324961712735019,463.79720833333334,16.387604166666705,10.182385261480702,473.97959359481405,0.962483255001179,,
2024-01-28,484.5275,766.1901041666666,453.5151041666666,6.0717735,2.9500000000000006,1.0,1.0,2000.0,59.321618381304724,1.2754506578947498,27.15227686403509,28.17737365679829,831.3314493421057,0.0,78.6174999999998,26.650000000000002,1.0,5199.51460998422,1299.8786524960549,78.6174999999998,26.650000000000002,0.0,687.5726041666668,2775234.0446354165,50000.0,0.0,0.10472609629996271,0.8952739037000373,0.8675484105034957,436.4240104166667,7.415434758771936,9.975605211743364,446.39961562841,0.9164746650345624,,
2024-01-29,521.9288229166667,771.7630208333334,438.6309895833333,7.550659325000001,2.9500000000000006,1.0,1.0,2000.0,107.79738170158127,15.099814843749998,27.680920764081254,32.269670778508775,1093.2079563322368,0.0,36.506250000000044,12.375,1.0,5199.51460998422,1299.8786524960549,36.506250000000044,12.375,0.0,735.2567708333332,2706030.3553124997,50000.0,0.0,0.04774912994191044,0.9522508700580895,0.7900959155996539,433.8335833333333,2.3236145833333324,3.4213143184426325,437.254897651776,0.8393220314406119,,
2024-01-30,520.0006354166667,750.5520833333334,424.6802083333334,7.479669416666667,2.9500000000000006,1.0,1.0,2000.0,99.88480017817983,0.0,23.120665021929824,20.51155729166667,652.6647590460526,0.0,2.7425781249999996,0.9296875,0.3541666666666667,5199.51460998422,1299.8786524960549,2.7425781249999996,0.9296875,0.0,747.8095052083332,2634786.038515624,50000.0,0.0,0.0039027972143802626,0.9960972027856198,0.7997785560615078,421.24473958333334,3.4151562499999994,1.7017577604166698,422.94649734375,0.8146841432570198,,
2024-01-31,520.5745729166666,752.1588541666666,417.0776041666666,7.507184049999999,2.9500000000000006,1.0,1.0,2000.0,125.99822985459127,7.072258541089568,33.964942615585024,19.51151584429825,745.7485657816419,0.0,0.0,0.0,0.0,5199.51460998422,1299.8786524960549,0.0,0.0,0.0,752.1588541666666,2563090.0245833327,50000.0,0.0,0.0,1.0,0.7473464275919092,415.24409375,1.7180122922437657,2.549968437499999,417.7940621875,0.8005741942173968,,
2024-02-01,558.7034479166667,774.0130208333334,410.20468750000003,7.8155546,2.9,1.0,1.0,2000.0,143.30656474330357,0.0,18.15662847222222,24.577709626931917,1431.3323490301275,0.0,0.0,0.0,0.0,5199.51460998422,1299.8786524960549,0.0,0.0,0.0,774.0130208333334,2489671.8058333327,50000.0,0.0,0.0,1.0,0.7310869558813667,410.1736041666666,0.03108333333333313,0.37730937547541704,410.5509135421421,0.733804597686266,,
2024-02-02,551.8262604166667,737.3229166666666,395.1098958333334,7.6198640625,2.9,1.0,1.0,2000.0,166.92762551939057,0.0,26.365186035263594,17.00413168337511,636.7007886735065,0.0,0.0,0.0,0.0,5199.51460998422,1299.8786524960549,0.0,0.0,0.0,737.3229166666666,2417627.839687499,50000.0,0.0,0.0,1.0,0.6898412556460226,395.1098958333334,0.0,0.0317017443162498,395.1415975776495,0.7144608736214951,,
2024-02-03,509.85586458333336,699.6197916666666,386.67552083333334,6.366103875,2.9,1.0,1.0,2000.0,121.82520855243581,0.0,20.051314823517128,27.916949270311182,869.1178781602443,0.0,14.832490178571454,5.114651785714295,0.84375,5199.51460998422,1299.8786524960549,14.832490178571454,5.114651785714295,0.0,684.7873014880993,2348459.262930654,50000.0,0.0,0.02235321134178525,0.9776467886582182,0.7545177254296725,386.3088125,0.11002480158730227,0.05589364499894112,386.36470614499893,0.7604840476110389,,
2024-02-04,465.11796875,677.953125,380.21588541666665,5.2312651875,2.9,1.0,1.0,2000.0,116.21445178036925,2.0232724492151384,22.24009733214616,9.26946046888055,960.1545159852759,0.0,45.97945972222228,15.854986111111122,1.0,5199.51460998422,1299.8786524960549,45.97945972222228,15.854986111111122,0.0,631.9736652777743,2285471.342032141,50000.0,0.0,0.06989219012293134,0.9301078098770642,0.7446046183897254,372.76886458333337,2.3150440190388246,0.31355486607529315,373.08241944940863,0.8076210773059259,,
2024-02-05,512.5934791666667,697.21875,382.81927083333335,6.7806643125,2.9,1.0,1.0,2000.0,127.31679101476281,0.0,23.150972582223115,32.55323936925647,1006.238438165727,0.0,15.419843750000013,5.3171875,0.8541666666666666,5199.51460998422,1299.8786524960549,15.419843750000013,5.3171875,0.0,681.79890625,2222634.0972425574,50000.0,0.0,0.022317359061609466,0.9776826409383905,0.7390699585769546,382.74609375,0.0731770833333331,1.8267862802825714,384.57288003028253,0.7482370661647982,,
2024-02-06,514.0540833333333,724.4453125,382.81744791666665,6.657782075,2.9,1.0,1.0,2000.0,144.92387747878468,0.0,43.98293402640372,31.89020206766918,979.8692756317881,0.0,0.0,0.0,0.0,5199.51460998422,1299.8786524960549,0.0,0.0,0.0,724.4453125,2155432.245523807,50000.0,0.0,0.0,1.0,0.6988068132260695,382.81744791666665,0.0,0.05843213696660776,382.87588005363324,0.7425929305763931,,
2024-02-07,513.7583229166667,695.953125,383.21640625000003,7.879239774999999,2.9,1.0,1.0,2000.0,119.69756904871828,3.730145833333335,11.674805159829395,27.630840643274855,1315.6936577929198,0.0,0.0,0.0,0.0,5199.51460998422,1299.8786524960549,0.0,0.0,0.0,695.953125,2085994.7220863074,50000.0,0.0,0.0,1.0,0.7584292995787961,382.47265625,0.7437500000000004,0.0,382.47265625,0.7449688899167156,,
2024-02-08,504.67682291666665,606.7682291666666,421.12213541666665,8.326729775,2.9,1.0,1.0,2000.0,94.13609441091764,8.801875057710065,23.85723373812822,23.239686194653302,567.0175610823934,0.0,0.0,0.0,0.0,5199.51460998422,1299.8786524960549,0.0,0.0,0.0,606.7682291666666,2024321.1856279739,50000.0,0.0,0.0,1.0,0.8013993000826592,414.5837916666667,5.632791608956602,5.754828802083334,420.33862046875,0.8313602921008648,,
2024-02-09,499.1369270833333,550.7890625,409.1583333333333,7.4223159,2.9,1.0,1.0,2000.0,91.63634701884921,0.0,14.9160431547619,14.301489353592315,496.3723705918441,0.0,0.9515624999999998,0.328125,0.20833333333333334,5199.51460998422,1299.8786524960549,0.9515624999999998,0.328125,0.0,549.8375,1969305.2002113077,50000.0,0.0,0.0021973896946103377,0.9978026103053897,0.8079848011734693,404.8426770833333,4.214093750000001,3.803219609374999,408.6458966927083,0.8175122210681997,,
2024-02-10,462.05220833333334,469.0885416666667,418.9510416666667,6.6997461,2.9,1.0,1.0,2000.0,56.1209971515961,1.5689679132040488,12.060128940772993,11.45712249373434,379.79426037881154,0.0,29.79750000000003,10.275,1.0,5199.51460998422,1299.8786524960549,29.79750000000003,10.275,0.0,439.2910416666666,1921290.641982141,50000.0,0.0,0.06747233140174978,0.9325276685982501,0.8812128803413044,402.59944791666663,10.787615420129278,9.735822916666672,412.33527083333337,0.8895556143558601,,
2024-02-11,448.0786666666667,554.3255208333334,404.25546875000003,6.1058838,2.9,1.0,1.0,2000.0,78.75816518792529,0.0,27.916859083014554,8.191465065006268,1388.7891823934835,0.0,42.92000000000002,14.799999999999999,1.0,5199.51460998422,1299.8786524960549,42.92000000000002,14.799999999999999,0.0,511.40552083333336,1877408.2713571412,50000.0,0.0,0.08333742746778156,0.9166625725322185,0.8206765814908549,384.42459375,15.199010416666665,3.137122586718288,387.5617163367183,0.8694208548370507,,
2024-02-12,497.87444791666667,602.2578125,388.52708333333334,7.308642916666667,2.9,1.0,1.0,2000.0,98.80876447285978,0.0,8.506280345875663,22.400861006683375,1249.767743421053,0.0,6.48421875,2.2359375,0.5520833333333334,5199.51460998422,1299.8786524960549,6.48421875,2.2359375,0.0,595.77359375,1823270.119482141,50000.0,0.0,0.012613879369957707,0.9873861206300423,0.7911403785846546,387.41890624999996,0.9373333333333337,9.76938310173656,397.18828935173656,0.7927049817425461,,
2024-02-13,497.41183333333333,629.28125,375.7143229166666,7.354095666666667,2.9,1.0,1.0,2000.0,128.80957092017323,0.0,30.97194691223673,25.115669903926484,1159.524600164474,0.0,0.0,0.0,0.0,5199.51460998422,1299.8786524960549,0.0,0.0,0.0,629.28125,1765517.6245863077,50000.0,0.0,0.0,1.0,0.7185359676087977,375.66825,0.046072916666666096,1.5517374730459388,377.21998747304593,0.7547809283627774,,
2024-02-14,500.61272916666667,610.4479166666666,363.21979166666665,6.6998825208333335,2.9,1.0,1.0,2000.0,141.15757310267858,0.0,31.729402777777768,29.436597026420216,997.9348230406748,0.0,0.0,0.0,0.0,5199.51460998422,1299.8786524960549,0.0,0.0,0.0,610.4479166666666,1703305.2209404744,50000.0,0.0,0.0,1.0,0.6978209626439894,363.1798958333334,0.039895833333333165,0.17825820482020768,363.35815403815354,0.7235885436316019,,
2024-02-15,502.49677083333336,591.1770833333334,358.95,6.787896383333333,2.9,1.0,1.0,2000.0,150.5777533821117,0.0,31.586099515664873,30.396378263568355,895.7944974811359,0.0,12.532182912159897,4.321442383503413,0.7708333333333334,5199.51460998422,1299.8786524960549,12.532182912159897,4.321442383503413,0.0,578.644900421195,1646357.9310548883,50000.0,0.0,0.024073472722945907,0.9759265272770882,0.6828546634623592,358.95,0.0,0.004110218539466408,358.9541102185395,0.709808026561098,,
2024-02-16,488.3072291666667,521.5026041666666,364.46953125,6.2110290375,2.9,1.0,1.0,2000.0,141.34235353276043,0.0,25.155118567245808,27.375429974417912,952.2290464153044,0.0,53.23296702118038,18.356195524544958,1.0,5199.51460998422,1299.8786524960549,53.23296702118038,18.356195524544958,0.0,468.2696371454863,1596453.8885672344,50000.0,0.0,0.11092840234361835,0.8890715976563817,0.6933776696976142,363.6820520833333,0.17141462995265688,0.028815232192285083,363.7108673155256,0.7417203944579396,,
2024-02-17,443.0082395833333,448.3098958333333,377.16432291666666,6.411605504166666,2.9,1.0,1.0,2000.0,99.43355169265801,0.0,23.472155944323585,23.830227834607424,1204.347577788431,0.0,94.99296702118001,32.75619552454483,1.0,5199.51460998422,1299.8786524960549,94.99296702118001,32.75619552454483,0.0,353.3169288121533,1558078.5274637674,50000.0,0.0,0.22451154210777927,0.7754884578922208,0.760857370320256,366.54052083333335,4.314863012812574,3.2895587310325713,369.8300795643659,0.8365898199814451,,
2024-02-18,420.3683020833333,480.3984375,381.74427083333336,5.3233832625,2.9,1.0,1.0,2000.0,96.15083662002064,0.0,22.204867322880578,12.457113134110132,787.0116155129812,0.0,136.75296702117961,47.1561955245447,1.0,5199.51460998422,1299.8786524960549,136.75296702117961,47.1561955245447,0.0,343.6454704788204,1524622.0768811337,50000.0,0.0,0.304857943735474,0.6951420562645261,0.7701796431366236,358.1171875,7.3057593123391875,3.022750330704783,361.1399378307048,0.8618056218331237,,
2024-02-19,483.53582291666663,547.5755208333334,412.04661458333334,6.23327775,2.9,1.0,1.0,2000.0,113.47433079102775,0.0,10.885521741980149,19.477336640874103,1224.5795657795472,0.0,143.84890452117955,49.60307052454468,1.0,5199.51460998422,1299.8786524960549,143.84890452117955,49.60307052454468,0.0,403.72661631215334,1489999.2066110002,50000.0,0.0,0.2867203687391372,0.7132796312608618,0.7504047774202807,402.99232291666664,2.4155627330966323,5.52094749564692,408.5132704123136,0.8381725562099057,,
2024-02-20,486.6277395833333,600.90625,421.10234375000005,6.349118691666667,2.9,1.0,1.0,2000.0,115.34283215839208,0.0,28.45559908649361,19.86577187997854,1295.5713992429244,0.0,116.6795295211798,40.23432052454476,1.0,5199.51460998422,1299.8786524960549,116.6795295211798,40.23432052454476,0.0,484.2267204788195,1447178.4301950336,50000.0,0.0,0.2073505635112475,0.7926494364887512,0.7459512293315451,413.82241666666664,2.9005289200107565,2.6516310866488535,416.4740477533155,0.8531378650650966,,
2024-02-21,486.889125,597.9427083333334,396.01796874999997,5.928217,2.9,1.0,1.0,2000.0,145.62486457395548,0.0,26.828861389704837,23.401419568730518,724.9752263343013,0.0,145.4529670211794,50.15619552454462,1.0,5199.51460998422,1299.8786524960549,145.4529670211794,50.15619552454462,0.0,452.48974131215226,1399239.9111749001,50000.0,0.0,0.2569506090869486,0.7430493909130481,0.6880616110524111,389.7927916666667,3.9451188898579823,1.8387394619839579,391.6315311286506,0.8021218867380031,,
2024-02-22,501.3751145833333,562.046875,414.15000000000003,5.913527541666666,2.9,1.0,1.0,2000.0,149.69938706460138,0.0,21.911891963163473,25.2566473752,666.346277218838,0.0,187.21296702117925,64.55619552454458,1.0,5199.51460998422,1299.8786524960549,187.21296702117925,64.55619552454458,0.0,374.8339079788213,1361530.9955922666,50000.0,0.0,0.35196637485478915,0.6480336251452117,0.6851113319336739,409.1213333333333,2.127060463285996,3.8332131766512547,412.9545465099846,0.8184695591763796,,
2024-02-23,501.2863958333333,617.21875,422.059375,5.87816865,2.9,1.0,1.0,2000.0,150.31305629616767,0.0,35.600606733645044,31.171784812126845,1007.6353949055506,0.0,188.78601047205856,65.09862430071011,1.0,5199.51460998422,1299.8786524960549,188.78601047205856,65.09862430071011,0.0,428.43273952793805,1323825.946145286,50000.0,0.0,0.3181016453865399,0.6818983546134527,0.684576715322275,410.0696041666667,4.200895833333365,3.2154286392982585,413.28503280596493,0.825238897811703,,
2024-02-24,481.64039583333334,651.2786458333334,397.3861979166666,5.8054047,2.9,1.0,1.0,2000.0,136.08075287039188,0.5694238227147067,28.652433659532615,29.652950030022964,933.5434274227237,0.0,147.2474999999992,50.775,1.0,5199.51460998422,1299.8786524960549,147.2474999999992,50.775,0.0,504.03114583333416,1277658.2248852572,50000.0,0.0,0.23123896177492312,0.7687610382250769,0.7054256940663158,384.6918333333333,3.554076177285322,3.1392679079646144,387.831101241298,0.8042203779010713,,
2024-02-25,448.8790104166667,626.1458333333334,374.69453125,5.564617125000001,2.9,1.0,1.0,2000.0,132.22297265448768,10.806093750000018,20.992862390350876,10.66890805529446,944.6893266134081,0.0,105.48749999999956,36.375,1.0,5199.51460998422,1299.8786524960549,105.48749999999956,36.375,0.0,520.6583333333338,1226968.8071769236,50000.0,0.0,0.174826983721285,0.8251730162787149,0.6968047317695257,353.9188645833333,3.8846041666666706,1.6400896583869349,355.5589542417203,0.7939053033995617,,
2024-02-26,477.7199270833333,528.125,358.6796875,6.525048975,2.9,1.0,1.0,2000.0,143.67352008722463,0.0,27.74255332135162,26.404497702589804,1165.100585359232,0.0,63.727499999999914,21.974999999999998,1.0,5199.51460998422,1299.8786524960549,63.727499999999914,21.974999999999998,0.0,464.3975000000001,1182876.971135257,50000.0,0.0,0.13040311768896778,0.8695968823110322,0.6851934749734238,338.6633125,17.074,6.196932695370073,344.86024519537006,0.7070982863737911,,
2024-02-27,495.0541041666667,595.3151041666666,358.82005208333334,7.220195066666666,2.9,1.0,1.0,2000.0,145.5487507708416,8.232052083333334,26.128752754968584,34.338006474519645,1139.3536105928874,0.0,21.96750000000002,7.575,1.0,5199.51460998422,1299.8786524960549,21.96750000000002,7.575,0.0,573.3476041666667,1132485.1256144238,50000.0,0.0,0.03981216484409371,0.9601878351559062,0.6901993092998433,350.3069270833334,3.7509895833333347,12.62597181011274,362.93289889344607,0.7230592161685333,,
2024-02-28,489.529,589.9479166666666,348.794140625,7.0425786666666665,2.9,1.0,1.0,2000.0,145.23600957223326,0.30434374999999925,27.338413591330497,24.36452067799708,655.997755008886,0.0,0.01359375,0.0046875,0.020833333333333332,5199.51460998422,1299.8786524960549,0.01359375,0.0046875,0.0,589.9343229166667,1076488.0651456737,50000.0,0.0,3.844059547549687e-05,0.9999615594045245,0.6871108180875615,344.126,4.363796875000001,4.97302808892215,349.0990280889221,0.7035899248235699,,
2024-02-29,473.6279479166667,560.6666666666666,359.66302083333335,6.214777625,2.9,1.0,1.0,2000.0,129.15129037363295,0.0,28.21278683854372,18.19993531700887,950.6344032018856,0.0,12.364193508451505,4.263515002914311,0.8645833333333334,5199.51460998422,1299.8786524960549,12.364193508451505,4.263515002914311,0.0,548.3024731582178,1020866.6054917785,50000.0,0.0,0.022940919540324692,0.9770590804596783,0.7130989080359463,352.80153125,5.845442052756499,2.4587461170553713,355.2602773670554,0.7427326475960591,,
2024-03-01,498.78701041666665,602.484375,357.4869791666667,6.981644825,3.0499999999999994,1.0,1.0,2000.0,140.97651134312403,0.0,16.811906248473125,24.264885477256367,1457.6959764653618,0.0,18.044455896535627,5.916215048044468,1.0,5199.51460998422,1299.8786524960549,18.044455896535627,5.916215048044468,0.0,584.4399191034613,967019.9999771185,50000.0,0.0,0.03229917168602763,0.967700828313967,0.700183355203528,356.8664895833333,0.5270749852656593,4.49958468098715,361.3660742643205,0.7140002430052479,,
2024-03-02,450.3317083333333,509.0026041666667,347.128125,6.3293901,3.0499999999999994,1.0,1.0,2000.0,123.88787930109599,2.5404628984326156,25.58686906383679,27.797161192284857,760.1077902974666,0.0,57.841014771399784,18.964267138163866,1.0,5199.51460998422,1299.8786524960549,57.841014771399784,18.964267138163866,0.0,451.1615893952669,915335.894965382,50000.0,0.0,0.12581290048538488,0.8741870995146152,0.7197704807325311,329.83742708333335,10.815312712517539,7.5597913370621415,337.39721842039546,0.7479919576111076,,
2024-03-03,398.55262500000003,414.2890625,346.36328125,6.273455175,3.0499999999999994,1.0,1.0,2000.0,103.31106723346595,16.827982434823213,23.140213551724443,11.35669962236373,1044.1616405796474,0.0,66.92429602139971,21.942392138163843,1.0,5199.51460998422,1299.8786524960549,66.92429602139971,21.942392138163843,0.0,347.3647664786003,880047.9198313529,50000.0,0.0,0.1729097591522637,0.8270902408477362,0.743116276644114,311.4094166666667,10.626559943805956,5.1441176818130385,316.5535343484797,0.7996215781347608,,
2024-03-04,455.19320833333336,551.4869791666666,347.79921874999997,7.6864813666666665,3.0499999999999994,1.0,1.0,2000.0,115.88605208656111,6.5540846878422165,16.159945979048647,23.09077400192312,1289.321228037568,0.0,23.52851477139984,7.7142671381638825,1.0,5199.51460998422,1299.8786524960549,23.52851477139984,7.7142671381638825,0.0,527.9584643952668,837877.6752181575,50000.0,0.0,0.04869513145346491,0.9513048685465351,0.726287891266888,340.0235833333333,0.8116611012882532,6.651488078561414,346.67507141189475,0.7494928099955104,,
2024-03-05,479.76452083333334,623.046875,347.27890625000003,7.5939927,3.0499999999999994,1.0,1.0,2000.0,145.76148808693907,2.071187499999999,25.045640690393892,14.578941352479752,1511.872731981778,0.0,0.027570774106244214,0.009039598067621052,0.03125,5199.51460998422,1299.8786524960549,0.027570774106244214,0.009039598067621052,0.0,623.0193042258937,783354.5370704224,50000.0,0.0,7.809378089923334e-05,0.9999219062191007,0.6731706417957909,344.38001041666666,0.8277083333333337,1.2084837493491658,345.58849416601583,0.7098065224721037,,
2024-03-06,525.61334375,736.3098958333334,344.90468749999997,8.325765529166667,3.0499999999999994,1.0,1.0,2000.0,182.23644260512108,2.3940482171474358,28.865380105121123,31.29646522857627,1194.4775450193993,0.0,0.0,0.0,0.0,5199.51460998422,1299.8786524960549,0.0,0.0,0.0,736.3098958333334,716219.3571932799,50000.0,0.0,0.0,1.0,0.6426545898426457,343.32567708333335,0.14435416666666612,1.2706916497561818,344.59636873308955,0.6467059323973735,,
2024-03-07,494.4374583333333,692.2708333333334,339.48984375000003,7.6845448958333336,3.0499999999999994,1.0,1.0,2000.0,157.5019324969813,0.0,27.291031855955694,26.03864625506074,915.7327211854764,0.0,0.0,0.0,0.0,5199.51460998422,1299.8786524960549,0.0,0.0,0.0,692.2708333333334,647388.1462557799,50000.0,0.0,0.0,1.0,0.6699119570568449,332.1350729166667,7.354770833333336,2.0258206183409735,334.16089353500763,0.6716846849316075,,
2024-03-08,468.1135208333333,629.0859375,336.68125000000003,7.3541158499999995,3.0499999999999994,1.0,1.0,2000.0,122.33952644889439,0.0,8.026931362756601,18.020711312837403,278.1676797022607,0.0,0.0,0.0,0.0,5199.51460998422,1299.8786524960549,0.0,0.0,0.0,629.0859375,581407.2999016132,50000.0,0.0,0.0,1.0,0.7385365562979772,331.07441666666665,5.606833333333332,7.939684237742401,339.0141009044091,0.7259414556266889,,
2024-03-09,424.46759375000005,465.2239583333333,347.39609375000003,6.9986807,3.0499999999999994,1.0,1.0,2000.0,84.69864591546472,0.0,18.991922275641024,15.939896168606618,945.9721061572199,0.0,11.523281250000004,3.7781249999999997,0.8333333333333334,5199.51460998422,1299.8786524960549,11.523281250000004,3.7781249999999997,0.0,453.70067708333335,532714.1847974467,50000.0,0.0,0.02499542049769123,0.9750045795023087,0.7982389897009452,334.38040625,12.08990625,9.098298171982192,343.47870442198223,0.8088390317981008,,
2024-03-10,421.9738229166667,528.2552083333334,348.7270833333334,6.746756,3.0499999999999994,1.0,1.0,2000.0,87.69265074909329,0.0,19.73684210526316,10.319400988950738,1350.9106782030196,0.0,13.76312500000001,4.5125,0.8229166666666666,5199.51460998422,1299.8786524960549,13.76312500000001,4.5125,0.0,514.4920833333333,489549.34698494687,50000.0,0.0,0.0343257297917146,0.9656742702082853,0.7878297652525393,338.67953125,9.104614583333333,5.489663759886951,344.169195009887,0.821782683946863,,
2024-03-11,462.70486458333335,617.8046875,354.8859375,8.086582725,3.0499999999999994,1.0,1.0,2000.0,127.0169480121102,23.9896001602564,31.089365480058934,38.19631831983806,1144.6573875632591,0.0,1.2369509615385377,0.40555769230771727,0.3020833333333333,5199.51460998422,1299.8786524960549,1.2369509615385377,0.40555769230771727,0.0,616.5677365384634,429616.09539756697,50000.0,0.0,0.002679473026054656,0.9973205269739487,0.7175004444896658,344.29671875,3.1382644230769228,8.220559873459143,352.51727862345916,0.7570794126504113,,
2024-03-12,459.5875208333334,570.96875,352.31874999999997,8.0098951,3.0499999999999994,1.0,1.0,2000.0,143.10597762071401,22.938102564102554,36.37552673529722,35.775829364878504,882.8438537639154,0.0,32.05737692307729,10.510615384615507,1.0,5199.51460998422,1299.8786524960549,32.05737692307729,10.510615384615507,0.0,538.9113730769227,375924.8650788569,50000.0,0.0,0.05876603947894398,0.941233960521056,0.6736372451725224,337.35270833333334,5.280565705128198,1.827508057627602,339.18021639096094,0.733620327951182,,
2024-03-13,482.9198020833333,592.2708333333334,367.2747395833333,7.151894933333334,3.0499999999999994,1.0,1.0,2000.0,150.75076597902913,2.2449743589743583,27.47076037005475,20.548049089068865,629.7304823528167,0.0,75.97737692307707,24.910615384615436,1.0,5199.51460998422,1299.8786524960549,75.97737692307707,24.910615384615436,0.0,516.2934564102562,324754.3318051389,50000.0,0.0,0.13529258961855947,0.8647074103814405,0.6736183221354769,352.5533229166667,7.669985576923076,5.398396008869419,357.9517189255361,0.7365609198087525,,
2024-03-14,454.7688333333333,528.0520833333334,373.7638020833333,7.226984933333333,3.0499999999999994,1.0,1.0,2000.0,132.6778847973932,14.33791746794872,22.71618287431635,25.99143387314439,530.9575596090586,0.0,119.89737692307665,39.310615384615296,1.0,5199.51460998422,1299.8786524960549,119.89737692307665,39.310615384615296,0.0,408.15470641025667,278928.93103142094,50000.0,0.0,0.2481788515161346,0.7518211484838654,0.700031359695542,348.03245833333335,10.160948717948727,9.10656791140301,357.1390262447364,0.7789314296601342,,
2024-03-15,456.2243229166667,499.1171875,434.0950520833333,6.923482870833333,3.0499999999999994,1.0,1.0,2000.0,87.19094744391008,0.0,19.11154246794877,8.16892762314442,657.5109428222007,0.0,163.81737692307624,53.71061538461516,1.0,5199.51460998422,1299.8786524960549,163.81737692307624,53.71061538461516,0.0,335.2998105769238,245194.16275770296,50000.0,0.0,0.350704741118041,0.649295258881959,0.8049237145322014,401.76938541666664,19.11154246794877,7.760481241987197,409.5298666586539,0.8867204098596417,,
2024-03-16,423.3764375,454.3984375,450.15078124999997,6.621514508333334,3.0499999999999994,1.0,1.0,2000.0,38.58287169070501,0.9610778863911605,29.748872434121708,35.224579225708524,912.8509895158601,0.0,207.73737692307645,68.11061538461523,1.0,5199.51460998422,1299.8786524960549,207.73737692307645,68.11061538461523,0.0,246.66106057692375,217043.52177565152,50000.0,0.0,0.48648240774287516,0.5135175922571253,0.9060265425693815,400.97386458333335,16.124506248224268,25.581377155012323,426.5552417383456,0.9799655111769664,,
2024-03-17,400.7725208333333,479.9244791666667,479.36093750000003,5.800283929166667,3.0499999999999994,1.0,1.0,2000.0,27.90912900641035,21.72883746626158,21.98680836707155,20.640316198641727,1057.6642059016142,0.0,251.29011069678322,82.39020022845352,1.0,5199.51460998422,1299.8786524960549,251.29011069678322,82.39020022845352,0.0,228.63436846988347,194825.51185830214,50000.0,0.0,0.5545643197930007,0.4454356802069992,0.934292445866189,389.481125,15.011109649122853,11.597447581537061,401.0785725815371,0.9859297617324635,,
2024-03-18,467.9194375,521.125,560.8484374999999,7.871521875,3.0499999999999994,1.0,1.0,2000.0,32.458452351759085,42.22069178168796,27.178663282331428,26.132199752084535,1251.628311593617,0.0,246.48174550927095,80.81368705222,1.0,5199.51460998422,1299.8786524960549,246.48174550927095,80.81368705222,0.007509337577263305,274.65264116270004,171615.86933916077,50000.0,0.0,0.520210837620246,0.47982509222461994,0.9255544579895614,456.36478125,22.416530050532913,17.829031863644357,474.19381311364435,0.9778277303210773,,
2024-03-19,426.2191666666667,488.4869791666667,537.9466145833334,8.129525625,3.0499999999999994,1.0,1.0,2000.0,34.805261675869225,56.75669148898078,29.141206512512372,27.615921538080826,914.0433860802706,0.0,264.9533080092695,86.86993705221953,1.0,5199.51460998422,1299.8786524960549,264.9533080092695,86.86993705221953,0.0,223.5336711573972,145915.39251670995,50000.0,0.0,0.5848126552405919,0.41518734475940827,0.9177406980622086,421.0107083333333,21.119775313279767,20.736460727085383,441.7471690604187,0.9897902319467126,,
2024-03-20,416.23853125,457.203125,528.86953125,8.747934708333334,3.0499999999999994,1.0,1.0,2000.0,42.610684957009305,60.88889091103193,23.720494648329566,31.36198700481223,903.2474208210724,0.0,306.29987050926917,100.4261870522194,1.0,5199.51460998422,1299.8786524960549,306.29987050926917,100.4261870522194,3.1652047218380157,154.85976039302713,127006.11598101351,50000.0,0.0,0.7378656129594362,0.2765500347863813,0.899420632431279,406.5901875,17.55358689513887,22.487576484100988,429.077763984101,0.9796198682654561,,
2024-03-21,439.4863541666667,458.7682291666667,559.2927083333333,8.163684241666667,3.0499999999999994,1.0,1.0,2000.0,34.69925854082468,34.270050336421214,20.068278398581075,15.430424294453479,664.5239136101051,0.0,350.21987050927055,114.82618705221985,1.0,5199.51460998422,1299.8786524960549,350.21987050927055,114.82618705221985,9.342478418208822,120.2264566801611,116124.49345821522,50000.0,0.0,0.8273353932567461,0.21454331316543104,0.9227267697073862,434.60377083333333,20.068278398581075,14.6589030797308,449.26267391306413,0.9897284884163836,,
2024-03-22,419.32294791666664,434.1432291666667,580.1190104166667,7.393796774999999,3.0499999999999994,1.0,1.0,2000.0,16.215687326017882,40.28792022938801,30.666536269884915,24.38830918471228,962.1644223434664,0.0,394.1398705092759,129.2261870522216,1.0,5199.51460998422,1299.8786524960549,394.1398705092759,129.2261870522216,24.116760703712853,70.14930953702951,107672.23147335963,50000.0,0.0,0.9832164072522938,0.11319885529200473,0.9646233193086818,417.03528125,30.666536269884915,23.168893725476664,440.2041749754767,0.9976424559877782,,
2024-03-23,427.8243854166667,537.203125,510.53515625,5.682100837499999,3.0499999999999994,1.0,1.0,2000.0,65.7998345669488,9.714117983975234,32.10947484273444,38.883341556474655,686.8751016170214,0.0,438.0598705092813,143.6261870522234,1.0,5199.51460998422,1299.8786524960549,438.0598705092813,143.6261870522234,10.378670234570997,112.1165922839324,102502.99759790867,50000.0,0.0,0.8609127641512622,0.18236083326605582,0.8437598547347694,392.7515,23.96476046247101,29.588569750463176,422.3400697504632,0.9460598595105143,,
2024-03-24,429.3004375,610.0859375,530.5942708333333,2.370633,3.0499999999999994,1.0,1.0,2000.0,77.95187173657791,15.987760491296086,36.4325957946618,23.958119229758157,1156.511804970178,0.0,456.23596425928196,149.5855620522236,1.0,5199.51460998422,1299.8786524960549,456.23596425928196,149.5855620522236,1.0112111963748311,155.11398723618652,89906.78529877741,50000.0,0.0,0.7687566756162146,0.23422527546960273,0.8169190910650794,421.70391666666666,14.929098395914048,10.3375730846949,432.04148975136155,0.9890671816959902,,
2024-03-25,438.9565520833333,556.3177083333334,493.49661458333327,7.75598395,3.0499999999999994,1.0,1.0,2000.0,111.36043790830207,36.352127719159256,23.756521338605285,31.772984949142582,881.8983761180889,0.0,414.7273705092801,135.97618705222297,1.0,5199.51460998422,1299.8786524960549,414.7273705092801,135.97618705222297,4.434413055170228,147.13335414301818,73106.54860108417,50000.0,0.0,0.8019232897122803,0.2145965457984191,0.7401799277528545,415.4968645833333,7.236105179613314,8.383906870934581,423.8807714542679,0.9510582659666672,,
2024-03-26,410.89123958333334,421.2005208333333,483.08515625,7.50603975,3.0499999999999994,1.0,1.0,2000.0,87.89173684352694,18.708409239677803,34.50960472934603,15.482681590581741,863.8830025241865,0.0,370.8073705092784,121.57618705222244,1.0,5199.51460998422,1299.8786524960549,370.8073705092784,121.57618705222244,15.918638610344145,70.29144858698454,65648.68282936398,50000.0,0.0,0.9434466016562381,0.12848438385252012,0.7829349078152537,392.04371875,21.68181909437497,8.497125692001822,400.5408444420018,0.9594488154227642,,
2024-03-27,455.7712395833333,539.7369791666666,476.73749999999995,8.457409033333333,3.0499999999999994,1.0,1.0,2000.0,86.5456769879105,16.61861982898152,7.5112536926745115,25.046445441369443,1407.8801256858806,0.0,326.8873705092774,107.17618705222209,1.0,5199.51460998422,1299.8786524960549,326.8873705092774,107.17618705222209,17.816582584879523,235.12033688848877,55977.01270385118,50000.0,0.0,0.7311171012406016,0.37143749529573133,0.8089914107111028,430.28571874999994,7.076897856423609,17.942949339040087,448.2286680890401,0.9470249655978398,,
2024-03-28,489.82969791666665,650.3125,458.7401041666667,7.430298333333333,3.0499999999999994,1.0,1.0,2000.0,130.01462425261877,0.0,11.472191921927028,11.73782789250201,219.73198058134543,0.0,300.74151398963437,98.60377507856866,1.0,5199.51460998422,1299.8786524960549,300.74151398963437,98.60377507856866,0.0,349.57098601036574,24735.110931013613,50000.0,0.0,0.47747988357209464,0.5225201164279054,0.7344086255905767,444.12927083333335,2.3422713931985046,2.9111832206994177,447.04045405403275,0.9140327869568642,,
2024-03-29,395.2031875,407.46875,456.8299479166667,6.53711625,3.0499999999999994,1.0,1.0,2000.0,73.00196262600338,21.05625506698402,13.170533829963881,11.258462085000128,274.01218664630375,0.0,338.8472930357404,111.09747312647227,1.0,5199.51460998422,1299.8786524960549,338.8472930357404,111.09747312647227,20.30553697173604,94.00337817892972,2091.4482661901607,50000.0,0.0,0.9265666207404758,0.16543684515165327,0.8204408457492058,376.60282291666664,7.339606498638158,5.433127064228656,382.03594998089534,0.9579740431067892,,
2024-03-30,386.0213125,341.0286458333333,522.7484375,4.5337027333333335,3.0499999999999994,1.0,1.0,2000.0,44.65773726641131,48.235159829962065,27.119321380380992,20.491675863583726,558.8637101786145,0.0,382.76729303574206,125.4974731264728,1.0,5199.51460998422,1299.8786524960549,382.76729303574206,125.4974731264728,49.30292438692047,19.890008281241872,3594.75840866745,50000.0,0.0,1.1856139288964982,0.042028601888378085,0.8788133549709944,379.4900104166666,16.85732683572271,10.205641993850444,389.69565241051714,0.9816750445618102,,
2024-03-31,372.50909782608693,395.6494565217391,593.925,4.726404313043478,3.05,1.0,1.0,2000.0,20.81609121477351,106.89448043539754,22.651520466061758,28.327874357100008,639.22469644078,0.0,425.7722930357403,139.59747312647224,1.0,5199.51460998422,1299.8786524960549,425.7722930357403,139.59747312647224,47.25377252485919,28.944379142073128,4580.886310718811,50000.0,0.0,1.1408249956596699,0.049864184367433305,0.9381969936853212,367.11302173913043,19.107566672523348,23.713062340576588,390.826084079707,0.9859211696929735,,
2024-04-01,404.1491354166667,495.7161458333333,1000.0,3.027866916666667,3.2000000000000006,1.0,1.0,2000.0,0.0,436.45247624655667,59.36836113132801,56.39994307476161,674.3711856897493,0.0,491.5519140047111,153.60997312647217,1.0,5199.51460998422,1299.8786524960549,491.5519140047111,153.60997312647217,52.183531551922755,69.39364626852687,5726.830501177817,50000.0,0.0,1.1306108169117783,0.10301354922990985,1.0,404.1491354166667,59.36836113132801,53.57994592102352,457.72908133769016,1.0,,
2024-04-02,427.1078958333333,478.1875,1000.0,5.1046130624999995,3.2000000000000006,1.0,1.0,2000.0,0.0,399.69758042039985,78.49568601725132,59.73540568153399,1186.6472854580443,0.0,484.6319140047129,151.44747312647277,1.0,5199.51460998422,1299.8786524960549,484.6319140047129,151.44747312647277,43.86412725216002,48.38574506048743,4087.6393498039656,50000.0,0.0,1.0799946802515406,0.07037332846364461,1.0,427.1078958333333,78.49568601725132,56.74863539745729,483.8565312307906,1.0,,
2024-04-03,427.35128125,483.5677083333333,1000.0,8.081623200000001,3.2000000000000006,1.0,1.0,2000.0,0.0,442.80416866009165,6.2386703374699986,20.76223285545127,1031.517790599703,0.0,458.6560030883747,143.33000096511708,1.0,5199.51460998422,1299.8786524960549,458.6560030883747,143.33000096511708,28.273081438597305,60.253057043204514,1905.0314746381866,50000.0,0.0,1.0059892298605304,0.09316457137377465,1.0,427.35128125,6.2386703374699986,19.724121212678703,447.0754024626787,1.0,,
2024-04-04,415.1690833333333,410.2786458333333,1000.0,6.67960845,3.2000000000000006,1.0,1.0,2000.0,0.0,425.93132060483777,29.012791602373884,27.56215202225519,675.3059469645017,0.0,499.42671641791185,156.07084888059742,1.0,5199.51460998422,1299.8786524960549,499.42671641791185,156.07084888059742,101.2648097014938,37.43294154228834,3054.210931592086,50000.0,0.0,1.3568577547120173,0.052420723346930986,1.0,415.1690833333333,29.012791602373884,26.18404442114243,441.35312775447574,1.0,,
2024-04-05,391.7956979166667,348.125,1000.0,5.8788603125,3.2000000000000006,1.0,1.0,2000.0,0.0,430.4989720345263,37.166878786016696,31.507786966113247,987.4872171229016,0.0,545.5067164179136,170.47084888059797,1.0,5199.51460998422,1299.8786524960549,545.5067164179136,170.47084888059797,175.37178358209238,21.833013059701006,12848.185951492756,50000.0,0.0,1.8399878874618194,0.03100246366278155,1.0,391.7956979166667,37.166878786016696,29.932397617807585,421.7280955344743,1.0,,
2024-04-06,347.82158333333336,287.4270833333333,1000.0,3.060475716666667,3.2000000000000006,1.0,1.0,2000.0,0.0,452.53928281159097,89.05013300770138,78.19141898234126,865.4322875363804,0.0,591.5867164179153,184.87084888059852,1.0,5199.51460998422,1299.8786524960549,591.5867164179153,184.87084888059852,243.90531716418263,0.7220133706467186,32598.971841418435,50000.0,0.0,2.3689229866536197,0.0011065339013742812,1.0,347.82158333333336,89.05013300770138,74.2818480332242,422.1034313665575,1.0,,
2024-04-07,325.0336458333333,251.25,1000.0,1.7773478916666665,3.2000000000000006,1.0,1.0,2000.0,0.0,469.4693992707678,138.33686090506663,130.82897973713906,939.547337478372,0.0,612.6323991715661,191.4476247411144,1.0,5199.51460998422,1299.8786524960549,612.6323991715661,191.4476247411144,289.10591933725203,0.0,59065.883578729125,50000.0,0.0,2.6582154904090327,0.0,1.0,325.0336458333333,138.33686090506663,124.2875307502821,449.32117658361545,1.0,,
2024-04-08,353.34078124999996,196.98177083333334,1000.0,7.320966362499999,3.2000000000000006,1.0,1.0,2000.0,0.0,464.6215104484732,28.271281162966005,25.554253910950646,1058.5484842876133,0.0,569.7374987326846,178.04296835396391,1.0,5199.51460998422,1299.8786524960549,569.7374987326846,178.04296835396391,298.20458231948095,0.0,87830.93860894647,50000.0,0.0,3.023028664806869,0.0,1.0,353.34078124999996,28.271281162966005,24.27654121540311,377.6173224654031,1.0,,
2024-04-09,391.12916666666666,299.8645833333333,1000.0,6.6659963625,3.2000000000000006,1.0,1.0,2000.0,0.0,444.0960741024143,33.098799526173345,33.649482788650296,898.0705003713489,0.0,523.657498732683,163.64296835396343,1.0,5199.51460998422,1299.8786524960549,523.657498732683,163.64296835396343,179.09093649670663,0.07075522153455675,112596.51275635282,50000.0,0.0,2.0053997810274837,0.00013679114844766875,1.0,391.12916666666666,33.098799526173345,31.967008649217778,423.09617531588447,1.0,,
2024-04-10,426.6724791666666,453.2395833333333,1000.0,7.1680035,3.2000000000000006,1.0,1.0,2000.0,0.0,422.88690993551046,29.057017543859654,37.49999999999999,1053.5554122546266,0.0,502.4274987326823,157.0085933539632,1.0,5199.51460998422,1299.8786524960549,502.4274987326823,157.0085933539632,58.515040969656674,23.955885812703247,120663.2233627514,50000.0,0.0,1.1783615557693867,0.03868652731073297,1.0,426.6724791666666,29.057017543859654,35.62499999999999,462.2974791666666,1.0,,
2024-04-11,395.81489583333337,409.4088541666667,1000.0,6.327662512500001,3.2000000000000006,1.0,1.0,2000.0,0.0,429.44794775471746,33.261584944267035,30.439365143454253,842.6999848920718,0.0,545.2574987326839,170.3929683539637,1.0,5199.51460998422,1299.8786524960549,545.2574987326839,170.3929683539637,130.1998741762441,26.901198154288323,125457.60527473876,50000.0,0.0,1.5032505651691768,0.03633470624792253,1.0,395.81489583333337,33.261584944267035,28.917396886281537,424.73229271961486,1.0,,
2024-04-12,374.3230520833333,333.2864583333333,1000.0,5.458408316666667,3.2000000000000006,1.0,1.0,2000.0,0.0,430.7627617851274,61.04404967081809,53.60298094025589,882.2041118508672,0.0,591.3374987326856,184.79296835396426,1.0,5199.51460998422,1299.8786524960549,591.3374987326856,184.79296835396426,213.21831160232136,8.47184910354649,140320.32328339652,50000.0,0.0,2.0807659364200206,0.012139360515592045,1.0,374.3230520833333,61.04404967081809,50.922831893243085,425.2458839765764,1.0,,
2024-04-13,336.08205208333334,272.0520833333333,1000.0,2.72181595,3.2000000000000006,1.0,1.0,2000.0,0.0,450.1386871815351,117.63225955752876,108.12404439617046,822.417145566926,0.0,636.3674987326873,198.86484335396474,1.0,5199.51460998422,1299.8786524960549,636.3674987326873,198.86484335396474,291.45233231947896,0.0,164600.5116904224,50000.0,0.0,2.68906188878527,0.0,1.0,336.08205208333334,117.63225955752876,102.71784217636194,438.7998942596953,1.0,,
2024-04-14,303.88559375,238.39322916666666,1000.0,0.41790944999999985,3.2000000000000006,1.0,1.0,2000.0,0.0,477.3057160753279,175.00488704237185,158.988594970173,996.1704516998976,0.0,623.4974987326868,194.8429683539646,1.0,5199.51460998422,1299.8786524960549,623.4974987326868,194.8429683539646,308.0834156528164,0.0,194187.6358430928,50000.0,0.0,2.936901535912495,0.0,1.0,303.88559375,175.00488704237185,151.03916522166435,454.9247589716644,1.0,,
2024-04-15,358.30359374999995,228.84114583333334,1000.0,6.612513750000001,3.2000000000000006,1.0,1.0,2000.0,0.0,475.1994250835681,17.155248014784373,32.73814231822798,910.7195679319267,0.0,577.4174987326851,180.44296835396406,1.0,5199.51460998422,1299.8786524960549,577.4174987326851,180.44296835396406,278.8610823194828,0.0,223139.6376624297,50000.0,0.0,2.710946734017657,0.0,1.0,358.30359374999995,17.155248014784373,31.101235202316577,389.40482895231656,1.0,,
2024-04-16,386.81981249999995,359.9765625,1000.0,6.509306133333333,3.2000000000000006,1.0,1.0,2000.0,0.0,439.07708287304166,43.891425518963025,37.71714657469943,1179.907541926757,0.0,531.3374987326712,166.04296835395974,1.0,5199.51460998422,1299.8786524960549,531.3374987326712,166.04296835395974,137.77222818448647,0.8543489979368365,244046.74637187112,50000.0,0.0,1.6658567946875769,0.0013879666683381555,1.0,386.81981249999995,43.891425518963025,35.83128924596445,422.65110174596447,1.0,,
2024-04-17,442.7884583333334,544.0442708333334,1000.0,8.448984225,3.2000000000000006,1.0,1.0,2000.0,0.0,397.42314069608807,35.284518243878466,28.567458555005917,1172.15236727632,0.0,485.25749873265835,151.6429683539557,1.0,5199.51460998422,1299.8786524960549,485.25749873265835,151.6429683539557,21.921478944882,86.1886207817772,247410.26202159727,50000.0,0.0,0.9445679019584435,0.1388658703935555,1.0,442.7884583333334,35.284518243878466,27.13908562725562,469.92754396058893,1.0,,
2024-04-18,469.05390625,603.3177083333334,1000.0,8.852716599999999,3.2000000000000006,1.0,1.0,2000.0,0.0,399.8620003247936,23.867071220467974,31.60625910443866,772.6274729743682,0.0,439.1774987326566,137.24296835395515,1.0,5199.51460998422,1299.8786524960549,439.1774987326566,137.24296835395515,0.6530207594056212,164.95648554993255,235310.5158502306,50000.0,0.0,0.7543673009249297,0.2474930654778552,1.0,469.05390625,23.867071220467974,30.025946149216725,499.0798523992167,1.0,,
2024-04-19,464.1168125,632.1536458333334,1000.0,6.594540333333334,3.2000000000000006,1.0,1.0,2000.0,0.0,410.1454742711987,29.689691024062782,28.20520647285964,693.5249305166499,0.0,393.0974987326568,122.84296835395524,1.0,5199.51460998422,1299.8786524960549,393.0974987326568,122.84296835395524,0.0,239.056147100676,216236.99936431492,50000.0,0.0,0.6401811544146929,0.3598188455853064,1.0,464.1168125,29.689691024062782,26.794946149216656,490.91175864921667,1.0,,
2024-04-20,444.6784895833334,608.4244791666666,1000.0,5.606615666666666,3.2000000000000006,1.0,1.0,2000.0,0.0,443.677589039979,24.757494746978537,22.691096551840932,687.1616820016435,0.0,347.0174987326657,108.44296835395801,1.0,5199.51460998422,1299.8786524960549,347.0174987326657,108.44296835395801,0.0,261.40698043400073,192393.68236765047,50000.0,0.0,0.5869954450404395,0.41300455495956023,1.0,444.6784895833334,24.757494746978537,21.556541724248888,466.23503130758223,1.0,,
2024-04-21,435.2781458333333,645.7526041666666,1000.0,5.331259999999999,3.2000000000000006,1.0,1.0,2000.0,0.0,453.0285811424633,123.03938442687964,110.93587342803063,899.5859571635018,0.0,300.93749873264915,94.04296835395284,1.0,5199.51460998422,1299.8786524960549,300.93749873264915,94.04296835395284,0.0,344.8151054340169,164226.7478709859,50000.0,0.0,0.4787547393802951,0.5212452606197039,1.0,435.2781458333333,123.03938442687964,105.3890797566291,540.6672255899624,1.0,,
2024-04-22,478.26205208333334,697.6796875,1000.0,8.3330317125,3.2000000000000006,1.0,1.0,2000.0,0.0,437.59693902030455,30.713450007659365,27.595167858153477,1191.1704155151792,0.0,254.85749873263538,79.64296835394856,1.0,5199.51460998422,1299.8786524960549,254.85749873263538,79.64296835394856,0.0,442.8221887673647,124615.58649931925,50000.0,0.0,0.370884683917814,0.6291153160821862,1.0,478.26205208333334,30.713450007659365,26.215409465245802,504.47746154857913,1.0,,
2024-04-23,471.8708125,666.7708333333334,1000.0,9.1993902,3.2000000000000006,1.0,1.0,2000.0,0.0,456.17698050995415,15.532927648139387,23.11895615014902,646.9022694724006,0.0,250.8233205905536,78.38228768454799,1.0,5199.51460998422,1299.8786524960549,250.8233205905536,78.38228768454799,0.0,415.94751274277974,82665.43386487874,50000.0,0.0,0.38347938064822173,0.6165206193517782,1.0,471.8708125,15.532927648139387,21.96300834264157,493.8338208426416,1.0,,
2024-04-24,460.41707291666665,619.4869791666666,1000.0,8.342516250000001,3.2000000000000006,1.0,1.0,2000.0,0.0,438.65772368060107,31.928972815396165,25.007717737598814,941.749049666837,0.0,296.8113998017759,92.75356243805497,1.0,5199.51460998422,1299.8786524960549,296.8113998017759,92.75356243805497,0.0,322.6755793648908,46907.306231198716,50000.0,0.0,0.49577882795608846,0.5042211720439115,1.0,460.41707291666665,31.928972815396165,23.757331850718874,484.17440476738557,1.0,,
2024-04-25,448.7303645833333,558.2291666666666,1000.0,8.3872152,3.2000000000000006,1.0,1.0,2000.0,0.0,446.16606132980064,30.857207835760548,34.63915388100006,865.7359078357023,0.0,342.89139980177765,107.15356243805552,1.0,5199.51460998422,1299.8786524960549,342.89139980177765,107.15356243805552,0.14917833170153472,215.5242397794913,20612.313146345743,50000.0,0.0,0.6475483550823175,0.35300538779697616,1.0,448.7303645833333,30.857207835760548,32.90719618695006,481.6375607702834,1.0,,
2024-04-26,421.86328125,479.7239583333333,1000.0,7.826744887499999,3.2000000000000006,1.0,1.0,2000.0,0.0,447.6622246874526,28.8194823311117,20.945842849074058,848.1075080127572,0.0,388.9713998017794,121.55356243805606,1.0,5199.51460998422,1299.8786524960549,388.9713998017794,121.55356243805606,14.221743287081798,108.52973764040638,5159.576031360552,50000.0,0.0,0.8732797666879241,0.18200336104272397,1.0,421.86328125,28.8194823311117,19.89855070662035,441.76183195662037,1.0,,
2024-04-27,380.31715625,386.0755208333333,1000.0,5.5570389875,3.2000000000000006,1.0,1.0,2000.0,0.0,465.4030820891647,162.36838710210972,151.62335566245366,799.9776323778583,0.0,435.0513998017809,135.95356243805654,1.0,5199.51460998422,1299.8786524960549,435.0513998017809,135.95356243805654,71.89073321770529,40.88753755368435,2541.9399526651664,50000.0,0.0,1.2483339311126345,0.06506072533407717,1.0,380.31715625,162.36838710210972,144.04218787933098,524.3593441293309,1.0,,
2024-04-28,350.77979166666665,302.0546875,1000.0,2.2892231541666663,3.2000000000000006,1.0,1.0,2000.0,0.0,482.25926785944847,176.45548366515604,168.2611638203451,1252.9775113553305,0.0,481.13139980178175,150.3535624380568,1.0,5199.51460998422,1299.8786524960549,481.13139980178175,150.3535624380568,143.36777484307638,0.1330062520647767,13415.747424235,50000.0,0.0,1.6797437965257338,0.0002739572648090146,1.0,350.77979166666665,176.45548366515604,159.84810562932782,510.6278972959945,1.0,,
2024-04-29,392.9497395833334,319.0859375,1000.0,7.784221466666666,3.2000000000000006,1.0,1.0,2000.0,0.0,441.24846569017603,23.91064454159971,24.065697108596222,1029.2801853919054,0.0,527.2113998017835,164.75356243805734,1.0,5199.51460998422,1299.8786524960549,527.2113998017835,164.75356243805734,177.20781319458172,13.38430419144377,25998.195593669992,50000.0,0.0,1.9596798607000843,0.020289129704974974,1.0,392.9497395833334,23.91064454159971,22.862412253166408,415.8121518364997,1.0,,
2024-04-30,363.4437291666666,217.2890625,1000.0,6.654996883333333,3.2000000000000006,1.0,1.0,2000.0,0.0,458.53597686106826,26.00490110230778,28.566494282211153,783.8266112499932,0.0,573.2913998017852,179.15356243805786,1.0,5199.51460998422,1299.8786524960549,573.2913998017852,179.15356243805786,284.8018698414296,0.0,48916.1224224675,50000.0,0.0,2.768413436551462,0.0,1.0,363.4437291666666,26.00490110230778,27.138169568100594,390.58189873476726,1.0,,
2024-05-01,364.9892291666667,200.25520833333334,1000.0,3.015537816666667,3.35,1.0,1.0,2000.0,0.0,417.3227362272851,146.86874334756558,128.97686439955345,831.313215695097,0.0,647.7134966674956,193.34731243805842,1.0,5199.51460998422,1299.8786524960549,647.7134966674956,193.34731243805842,357.96663066732964,0.0,79984.4844939675,50000.0,0.0,3.3669219715802403,0.0,1.0,364.9892291666667,146.86874334756558,122.52802117957577,487.51725034624246,1.0,,
2024-05-02,386.578125,242.57552083333334,1000.0,5.1891449375,3.35,1.0,1.0,2000.0,0.0,430.8592610391764,17.607425879428714,26.471973007015293,1404.4974252507257,0.0,636.8469341674996,190.1035624380596,1.0,5199.51460998422,1299.8786524960549,636.8469341674996,190.1035624380596,315.41713066733536,0.0,113399.70445469792,50000.0,0.0,2.8002361594494354,0.0,1.0,386.578125,17.607425879428714,25.14837435666453,411.72649935666453,1.0,,
2024-05-03,426.1070104166667,377.6197916666667,1000.0,6.6413886,3.35,1.0,1.0,2000.0,0.0,388.77864126107255,36.80935695213081,34.10975029724617,997.93233766131,0.0,605.3760014109215,180.70925415251386,1.0,5199.51460998422,1299.8786524960549,605.3760014109215,180.70925415251386,182.2391495940087,0.04272724825518518,136997.68107124875,50000.0,0.0,1.7394082656659773,7.109359110679687e-05,1.0,426.1070104166667,36.80935695213081,32.40426278238386,458.51127319905055,1.0,,
2024-05-04,377.58189583333336,337.6588541666667,1000.0,6.8080516,3.35,1.0,1.0,2000.0,0.0,425.84008541325176,22.82649143377681,19.929130310944064,938.5886801000493,0.0,645.492073735367,192.68420111503494,1.0,5199.51460998422,1299.8786524960549,645.492073735367,192.68420111503494,247.36549942604321,1.3736547138467354,155455.66289564414,50000.0,0.0,2.115022249399153,0.0019500570577212501,1.0,377.58189583333336,22.82649143377681,18.932673795396855,396.5145696287302,1.0,,
2024-05-05,338.7936770833333,270.5729166666667,1000.0,4.6613266,3.35,1.0,1.0,2000.0,0.0,432.686776982259,162.59532795467166,144.22761382663097,1154.9153073243085,0.0,679.8505112353686,202.94045111503542,1.0,5199.51460998422,1299.8786524960549,679.8505112353686,202.94045111503542,327.42207565495653,0.0,183586.7870515579,50000.0,0.0,2.740917603863663,0.0,1.0,338.7936770833333,162.59532795467166,137.01623313529942,475.80991021863275,1.0,,
2024-05-06,400.3249166666667,319.7838541666667,1000.0,8.993228641666667,3.35,1.0,1.0,2000.0,0.0,422.70686743400535,11.999894215027554,28.274946034571613,1357.354673151766,0.0,642.6288933974305,191.8295204171434,1.0,5199.51460998422,1299.8786524960549,642.6288933974305,191.8295204171434,258.27603138461023,0.0,213509.99088214536,50000.0,0.0,2.2012046235431995,0.0,1.0,400.3249166666667,11.999894215027554,26.861198732843036,427.1861153995097,1.0,,
2024-05-07,429.23214583333333,401.2838541666667,1000.0,9.053492625,3.35,1.0,1.0,2000.0,0.0,372.0086561279563,32.5876754385964,30.333982456140166,885.4143881249988,0.0,653.2124998770478,194.98880593344708,1.0,5199.51460998422,1299.8786524960549,653.2124998770478,194.98880593344708,201.54291656829795,0.0,235074.74277832083,50000.0,0.0,1.737474551381382,0.0,1.0,429.23214583333333,32.5876754385964,28.81728333333316,458.04942916666647,1.0,,
2024-05-08,424.73647916666664,389.0416666666667,1000.0,8.504988541666666,3.35,1.0,1.0,2000.0,0.0,363.4730276162984,30.715702908587108,29.804226973684155,845.3691266200648,0.0,701.45249987705,209.38880593344774,1.0,5199.51460998422,1299.8786524960549,701.45249987705,209.38880593344774,251.73746865470252,2.261002608008867,255823.26112038677,50000.0,0.0,1.9326739470733292,0.0029154715215812675,1.0,424.73647916666664,30.715702908587108,28.31401562499995,453.0504947916666,1.0,,
2024-05-09,392.22371875,303.8802083333333,1000.0,5.559458666666667,3.35,1.0,1.0,2000.0,0.0,375.1458615951979,78.43911509081188,73.260527757324,757.7976626174985,0.0,749.6924998770509,223.78880593344797,1.0,5199.51460998422,1299.8786524960549,749.6924998770509,223.78880593344797,356.6498332349624,0.0,284239.9545926955,50000.0,0.0,2.742330660923385,0.0,1.0,392.22371875,78.43911509081188,69.59750136945779,461.8212201194578,1.0,,
2024-05-10,390.13283333333334,280.7890625,1000.0,6.4962711916666676,3.35,1.0,1.0,2000.0,0.0,368.3154438998847,29.638099999999923,27.658087543859466,749.0353352384878,0.0,797.9324998770526,238.18880593344852,1.0,5199.51460998422,1299.8786524960549,797.9324998770526,238.18880593344852,413.71474990164603,0.0,320938.16308325314,50000.0,0.0,3.292619443627689,0.0,1.0,390.13283333333334,29.638099999999923,26.275183166666494,416.4080164999998,1.0,,
2024-05-11,347.4685729166667,232.859375,1000.0,5.195134495833334,3.35,1.0,1.0,2000.0,0.0,393.7447082410302,80.66579479166647,78.38724408717091,715.2369124095313,0.0,846.1724998770542,252.58880593344898,1.0,5199.51460998422,1299.8786524960549,846.1724998770542,252.58880593344898,490.6504999016416,0.0,364801.1785738108,50000.0,0.0,4.04705510605918,0.0,1.0,347.4685729166667,80.66579479166647,74.46788188281236,421.936454799479,1.0,,
2024-05-12,322.6054375,196.83072916666666,1000.0,0.4357359416666668,3.35,1.0,1.0,2000.0,0.0,396.22838158558926,144.1624143346621,136.82635721441991,712.1826941036212,0.0,894.4124998770494,266.98880593344757,1.0,5199.51460998422,1299.8786524960549,894.4124998770494,266.98880593344757,558.0654165683056,0.0,415773.7052310351,50000.0,0.0,4.75386068214508,0.0,1.0,322.6054375,144.1624143346621,129.9850393536989,452.5904768536989,1.0,,
2024-05-13,370.71930208333333,222.14583333333334,1000.0,4.6855983666666665,3.35,1.0,1.0,2000.0,0.0,344.3807709623306,37.25805747922395,35.52309100877184,1008.7469340405614,0.0,942.652499877042,281.3888059334454,1.0,5199.51460998422,1299.8786524960549,942.652499877042,281.3888059334454,576.4053332349687,0.0,470198.0222215922,50000.0,0.0,4.503713015316468,0.0,1.0,370.71930208333333,37.25805747922395,33.746936458333245,404.4662385416666,1.0,,
2024-05-14,364.49612499999995,231.8203125,1000.0,3.0865390875,3.35,1.0,1.0,2000.0,0.0,329.92748677777587,100.3854593721138,95.36618640350811,897.8798608250995,0.0,990.8924998770343,295.78880593344303,1.0,5199.51460998422,1299.8786524960549,990.8924998770343,295.78880593344303,607.257749901633,0.0,526554.7816288151,50000.0,0.0,4.751492145549656,0.0,1.0,364.49612499999995,100.3854593721138,90.5978770833327,455.0940020833327,1.0,,
2024-05-15,359.2695416666666,206.40364583333334,1000.0,3.6973358333333333,3.35,1.0,1.0,2000.0,0.0,324.0879812246208,74.1456873456449,60.54256964502932,1080.0979701670738,0.0,1005.0409736015823,300.0122309258455,1.0,5199.51460998422,1299.8786524960549,1005.0409736015823,300.0122309258455,638.9098622145813,0.0,587566.1888908697,50000.0,0.0,5.127171353137646,0.0,1.0,359.2695416666666,74.1456873456449,57.51544116277785,416.7849828294445,1.0,,
2024-05-16,391.07088541666667,267.40625,1000.0,4.5971871,3.35,1.0,1.0,2000.0,0.0,326.8265504793449,56.67616176554015,63.73818701059648,920.0878051112662,0.0,958.025227995025,285.97767999851493,1.0,5199.51460998422,1299.8786524960549,958.025227995025,285.97767999851493,552.4951823960314,0.0,645382.3793262844,50000.0,0.0,3.8003599248435442,0.0,1.0,391.07088541666667,56.67616176554015,60.55127766006665,451.62216307673333,1.0,,
2024-05-17,383.1573020833334,272.1744791666667,1000.0,5.9058140625,3.35,1.0,1.0,2000.0,0.0,341.21008370762326,39.473684210526315,37.5,949.6501321475753,0.0,910.4761654950322,271.78392999851707,1.0,5199.51460998422,1299.8786524960549,910.4761654950322,271.78392999851707,510.6413490626876,0.0,695477.402169636,50000.0,0.0,3.6251047096406475,0.0,1.0,383.1573020833334,39.473684210526315,35.625,418.7823020833334,1.0,,
2024-05-18,352.00427083333335,235.2265625,1000.0,4.7071996875,3.35,1.0,1.0,2000.0,0.0,370.28971608503883,80.13970513295502,76.13271987630536,821.2958180726574,0.0,904.1395126343958,269.8923918311629,1.0,5199.51460998422,1299.8786524960549,904.1395126343958,269.8923918311629,535.1303601075108,0.0,745588.4160832878,50000.0,0.0,4.155276637244096,0.0,1.0,352.00427083333335,80.13970513295502,72.3260838824901,424.33035471582343,1.0,,
2024-05-19,333.00455208333335,238.7578125,1000.0,4.0514315625,3.35,1.0,1.0,2000.0,0.0,392.0213198199247,161.63463969652884,152.09398443282257,693.9662509226281,0.0,863.7263915981716,257.8287736113945,1.0,5199.51460998422,1299.8786524960549,863.7263915981716,257.8287736113945,499.9748632785374,0.0,795471.2935644445,50000.0,0.0,3.8696202962168402,0.0,1.0,333.00455208333335,161.63463969652884,144.48928521118142,477.4938372945148,1.0,,
2024-05-20,338.63214583333337,232.80729166666666,1000.0,5.419591666666666,3.35,1.0,1.0,2000.0,0.0,403.71743851267587,118.96035620786218,110.25127806870081,885.1019150185025,0.0,815.4863915981713,243.42877361139438,1.0,5199.51460998422,1299.8786524960549,815.4863915981713,243.42877361139438,466.14327994519954,0.0,841312.3080225174,50000.0,0.0,3.855679053930879,0.0,1.0,338.63214583333337,118.96035620786218,104.73871416526578,443.37085999859914,1.0,,
2024-05-21,382.52953125,252.49739583333334,1000.0,7.6699428166666666,3.35,1.0,1.0,2000.0,0.0,388.76622706898553,32.23703383196963,34.27533238142005,1022.9172617471662,0.0,767.2463915981693,229.02877361139383,1.0,5199.51460998422,1299.8786524960549,767.2463915981693,229.02877361139383,411.79919661186364,0.0,884292.8154805903,50000.0,0.0,3.341203002766387,0.0,1.0,382.52953125,32.23703383196963,32.56156576234904,415.09109701234905,1.0,,
2024-05-22,396.17741666666666,276.6822916666667,1000.0,7.529533375,3.35,1.0,1.0,2000.0,0.0,386.2264682614709,35.98649393577677,34.75700260558701,971.5410619314398,0.0,719.0063915981676,214.62877361139329,1.0,5199.51460998422,1299.8786524960549,719.0063915981676,214.62877361139329,353.8592799452086,0.0,921035.353438663,50000.0,0.0,2.7883335122821413,0.0,1.0,396.17741666666666,35.98649393577677,33.01915247530766,429.19656914197435,1.0,,
2024-05-23,421.0929479166667,321.3098958333333,1000.0,8.195029120833334,3.35,1.0,1.0,2000.0,0.0,372.9118234274377,34.239516937802726,31.634126617228343,973.2951027675755,0.0,676.0572422149403,201.8081320044598,1.0,5199.51460998422,1299.8786524960549,676.0572422149403,201.8081320044598,283.79787710529087,0.0,951254.5745415436,50000.0,0.0,2.3706364732077074,0.0,1.0,421.0929479166667,34.239516937802726,30.052420286366925,451.14536820303357,1.0,,
2024-05-24,398.99848958333337,305.3098958333333,1000.0,8.64128165,3.35,1.0,1.0,2000.0,0.0,389.4399260345586,27.112608630952675,26.65039267308929,908.8884462249453,0.0,702.7189434484771,209.7668487905902,1.0,5199.51460998422,1299.8786524960549,702.7189434484771,209.7668487905902,317.9272380921122,0.0,979731.949193968,50000.0,0.0,2.461979911015316,0.0,1.0,398.99848958333337,27.112608630952675,25.317873039434826,424.31636262276817,1.0,,
2024-05-25,365.7942708333333,254.11458333333334,1000.0,6.732896449999999,3.35,1.0,1.0,2000.0,0.0,405.37719787533206,34.406035416666796,31.309845174655493,991.2461937656694,0.0,750.9589434484783,224.16684879059054,1.0,5199.51460998422,1299.8786524960549,750.9589434484783,224.16684879059054,397.4754880921394,0.0,1013604.4531341441,50000.0,0.0,3.150767064368828,0.0,1.0,365.7942708333333,34.406035416666796,29.74435291592272,395.53862374925603,1.0,,
2024-05-26,339.12948958333334,233.8984375,1000.0,4.95286165,3.35,1.0,1.0,2000.0,0.0,403.4085837424261,161.24220847832748,148.4863982937155,914.4001349903011,0.0,794.8940185260584,237.28179657494283,1.0,5199.51460998422,1299.8786524960549,794.8940185260584,237.28179657494283,448.796464820935,0.0,1054297.1437252497,50000.0,0.0,3.714216701236164,0.0,1.0,339.12948958333334,161.24220847832748,141.0620783790297,480.191567962363,1.0,,
2024-05-27,389.9641458333333,229.546875,1000.0,8.257047058333333,3.35,1.0,1.0,2000.0,0.0,382.2966562249233,24.15302550438516,29.014962461039346,880.7579393346617,0.0,774.3537956974077,231.15038677534554,1.0,5199.51460998422,1299.8786524960549,774.3537956974077,231.15038677534554,435.8455365579269,0.0,1097791.7189803675,50000.0,0.0,3.627903241881795,0.0,1.0,389.9641458333333,24.15302550438516,27.564214337987377,417.5283601713207,1.0,,
2024-05-28,384.21735416666667,257.640625,1000.0,7.9193818333333335,3.35,1.0,1.0,2000.0,0.0,374.3837453149829,32.45718567191329,30.834326388317624,860.5100899923845,0.0,798.0849884663853,238.2343249153389,1.0,5199.51460998422,1299.8786524960549,798.0849884663853,238.2343249153389,432.35549077311447,0.0,1138636.9060033772,50000.0,0.0,3.3503708641315857,0.0,1.0,384.21735416666667,32.45718567191329,29.29261006890174,413.50996423556836,1.0,,
2024-05-29,387.45865625000005,252.3046875,1000.0,7.234297795833334,3.35,1.0,1.0,2000.0,0.0,356.6525677697785,33.37898528079912,31.71003601675916,764.4852354333296,0.0,846.3249884664009,252.63432491534354,1.0,5199.51460998422,1299.8786524960549,846.3249884664009,252.63432491534354,475.2162407731117,0.0,1182008.4742842633,50000.0,0.0,3.6400917157225448,0.0,1.0,387.45865625000005,33.37898528079912,30.1245342159212,417.58319046592123,1.0,,
2024-05-30,402.63278125000005,257.1614583333333,1000.0,7.3488891999999995,3.35,1.0,1.0,2000.0,0.0,312.4033612615828,27.946169598429762,10.54382844774183,992.4942666359083,0.0,894.5649884663964,267.0343249153422,1.0,5199.51460998422,1299.8786524960549,894.5649884663964,267.0343249153422,509.92282410645413,0.0,1230140.770398482,50000.0,0.0,3.745156037210061,0.0,1.0,402.63278125000005,27.946169598429762,10.016637025354738,412.6494182753547,1.0,,
2024-05-31,436.3323125,364.3255208333333,1000.0,7.748283783333334,3.35,1.0,1.0,2000.0,0.0,296.32233415455,3.7235284301099525,18.75,886.6378265259409,0.0,942.8049884663891,281.43432491534,1.0,5199.51460998422,1299.8786524960549,942.8049884663891,281.43432491534,462.78357410644907,0.0,1277388.611012701,50000.0,0.0,2.8723093774848,0.0,1.0,436.3323125,3.7235284301099525,17.8125,454.1448125,1.0,,
2024-06-01,384.4326458333333,307.1875,1000.0,4.900777425,3.5499999999999994,1.0,1.0,2000.0,0.0,305.7621679007554,135.35076739794133,127.76832215512407,971.2671364914518,0.0,1050.2118534494493,295.83432491533785,1.0,5199.51460998422,1299.8786524960549,1050.2118534494493,295.83432491533785,594.4194827595471,0.0,1326860.1175715956,50000.0,0.0,3.623973448180729,0.0,1.0,384.4326458333333,135.35076739794133,121.37990604736785,505.8125518807012,1.0,,
2024-06-02,362.516,294.7161458333333,1000.0,2.660800725,3.5499999999999994,1.0,1.0,2000.0,0.0,306.5807935715685,217.93792507540002,206.61365153843772,1148.8146569065168,0.0,1097.831288616643,309.24825031454736,1.0,5199.51460998422,1299.8786524960549,1097.831288616643,309.24825031454736,642.4921142266483,0.0,1386865.2047089187,50000.0,0.0,3.9729390944347407,0.0,1.0,362.516,217.93792507540002,196.28296896151585,558.7989689615158,1.0,,
2024-06-03,394.5891875,277.2395833333333,1000.0,7.102859633333334,3.5499999999999994,1.0,1.0,2000.0,0.0,300.7193388824093,36.84852395542818,36.945893459098905,762.1926860480631,0.0,1075.4424969914878,302.9415484483065,1.0,5199.51460998422,1299.8786524960549,1075.4424969914878,302.9415484483065,638.5623309265019,0.0,1448339.5762267027,50000.0,0.0,4.269941815249206,0.0,1.0,394.5891875,36.84852395542818,35.09859878614396,429.687786286144,1.0,,
2024-06-04,371.03003125000004,241.44791666666666,1000.0,7.575778966666667,3.5499999999999994,1.0,1.0,2000.0,0.0,319.94824024502253,28.020166683491652,26.62448326782629,885.114351219937,0.0,1087.3466142870188,306.2948209259208,1.0,5199.51460998422,1299.8786524960549,1087.3466142870188,306.2948209259208,676.7189580962751,0.0,1510778.6392185092,50000.0,0.0,4.9801735233840665,0.0,1.0,371.03003125000004,28.020166683491652,25.29325910443497,396.32329035443496,1.0,,
2024-06-05,363.1458125,204.8203125,1000.0,6.5681524,3.5499999999999994,1.0,1.0,2000.0,0.0,310.3764209165784,53.048885709887465,49.6938103471414,1105.8178815163135,0.0,1138.2649024967807,320.6380007033185,1.0,5199.51460998422,1299.8786524960549,1138.2649024967807,320.6380007033185,746.7556719974426,0.0,1579401.2116814975,50000.0,0.0,5.860232178746547,0.0,1.0,363.1458125,53.048885709887465,47.20911982978433,410.35493232978433,1.0,,
2024-06-06,372.7064479166667,194.0859375,1000.0,6.13106375,3.5499999999999994,1.0,1.0,2000.0,0.0,288.438914401183,37.75502854060676,35.7246226965555,1016.7962638608554,0.0,1189.384902496613,335.0380007032713,1.0,5199.51460998422,1299.8786524960549,1189.384902496613,335.0380007032713,796.2391719972737,0.0,1653629.6288599155,50000.0,0.0,6.4444344808505845,0.0,1.0,372.7064479166667,37.75502854060676,33.93839156172772,406.64483947839443,1.0,,
2024-06-07,373.9648541666666,192.05208333333334,1000.0,6.223014,3.5499999999999994,1.0,1.0,2000.0,0.0,273.86255068823823,37.15575862864569,36.23280440701805,897.4911428757596,0.0,1240.5049024960638,349.4380007031166,1.0,5199.51460998422,1299.8786524960549,1240.5049024960638,349.4380007031166,838.7622553300799,-1.4189775280707787e-10,1731960.657871631,50000.0,0.0,6.832804648285497,-5.131925960472979e-13,1.0,373.9648541666666,37.15575862864569,34.42116418666715,408.38601835333384,1.0,,
2024-06-08,351.5566145833333,178.046875,1000.0,3.1828331999999997,3.5499999999999994,1.0,1.0,2000.0,0.0,269.17568969817887,165.29925906172107,156.49263320668072,747.1715053682636,0.0,1287.3593556210526,362.6364382031134,1.0,5199.51460998422,1299.8786524960549,1287.3593556210526,362.6364382031134,887.4499844968556,0.0,1815210.5557999958,50000.0,0.0,7.607544955603392,0.0,1.0,351.5566145833333,165.29925906172107,148.66800154634666,500.22461612968,1.0,,
2024-06-09,331.75473958333333,167.87239583333334,1000.0,1.0269276,3.5499999999999994,1.0,1.0,2000.0,0.0,280.5089655229436,173.23123515869455,156.99646142245686,855.0618487065498,0.0,1290.963528206587,363.65169808636256,1.0,5199.51460998422,1299.8786524960549,1290.963528206587,363.65169808636256,898.4729058986028,0.0,1901546.6580508098,50000.0,0.0,8.027908567679841,0.0,1.0,331.75473958333333,173.23123515869455,149.14663835133402,480.9013779346673,1.0,,
2024-06-10,382.05064583333336,211.89583333333334,1000.0,6.055368795833334,3.5499999999999994,1.0,1.0,2000.0,0.0,272.02703901262316,32.13699708605315,38.64502211200781,1006.9088825344603,0.0,1244.268216214112,350.4980890743978,1.0,5199.51460998422,1299.8786524960549,1244.268216214112,350.4980890743978,825.8979063046294,0.0,1984476.382183552,50000.0,0.0,6.252193161714974,0.0,1.0,382.05064583333336,32.13699708605315,36.712771006407415,418.7634168397408,1.0,,
2024-06-11,403.9630104166667,278.171875,1000.0,5.560954716666667,3.5499999999999994,1.0,1.0,2000.0,0.0,255.29463322415265,33.02805952836126,29.877676045874225,959.3343968841104,0.0,1193.1482162141199,336.0980890744,1.0,5199.51460998422,1299.8786524960549,1193.1482162141199,336.0980890744,731.9810729713212,0.0,2059780.937688796,50000.0,0.0,4.677477312989407,0.0,1.0,403.9630104166667,33.02805952836126,28.383792243580512,432.3468026602472,1.0,,
2024-06-12,377.5128854166667,271.5286458333333,1000.0,5.686944704166667,3.5499999999999994,1.0,1.0,2000.0,0.0,288.70592488634804,31.553474730415797,26.672965089237906,941.7540020104493,0.0,1162.8629628947767,327.56703180134554,1.0,5199.51460998422,1299.8786524960549,1162.8629628947767,327.56703180134554,713.067453649162,0.0,2127643.866127254,50000.0,0.0,4.68772816685894,0.0,1.0,377.5128854166667,31.553474730415797,25.33931683477601,402.85220225144263,1.0,,
2024-06-13,371.4151979166666,238.75,1000.0,5.848898299999999,3.5499999999999994,1.0,1.0,2000.0,0.0,289.06629690736753,34.32996040531443,32.209953613118856,1277.748616046644,0.0,1192.0474024960556,335.7880007031143,1.0,5199.51460998422,1299.8786524960549,1192.0474024960556,335.7880007031143,762.6379219968326,0.0,2197949.4280054322,50000.0,0.0,5.478952390287065,0.0,1.0,371.4151979166666,34.32996040531443,30.599455932462913,402.0146538491296,1.0,,
2024-06-14,384.03749999999997,236.015625,1000.0,5.9010693,3.5499999999999994,1.0,1.0,2000.0,0.0,267.67793406578687,31.196145175613697,34.841663099489125,855.4771709517145,0.0,1243.167402496055,350.18800070311414,1.0,5199.51460998422,1299.8786524960549,1243.167402496055,350.18800070311414,805.7214219968479,0.0,2273361.7807671293,50000.0,0.0,5.789292219736215,0.0,1.0,384.03749999999997,31.196145175613697,33.099579944514666,417.13707994451465,1.0,,
2024-06-15,358.090625,205.6328125,1000.0,1.109122,3.5499999999999994,1.0,1.0,2000.0,0.0,261.5896328234257,172.61722024061854,163.98635922858762,735.6158018918428,0.0,1290.387949371055,363.4895632031141,1.0,5199.51460998422,1299.8786524960549,1290.387949371055,363.4895632031141,867.8041094968017,0.0,2354339.6493829926,50000.0,0.0,6.667553795040399,0.0,1.0,358.090625,172.61722024061854,155.78704126715823,513.8776662671582,1.0,,
2024-06-16,322.02078124999997,189.92447916666666,1000.0,0.8345030750000001,3.5499999999999994,1.0,1.0,2000.0,0.0,282.6990548745327,172.38461558574974,150.6335025404169,968.9049187478977,0.0,1299.2906837460534,365.99737570311373,1.0,5199.51460998422,1299.8786524960549,1299.2906837460534,365.99737570311373,887.4929636634106,0.0,2438542.1837488567,50000.0,0.0,7.346235512869438,0.0,1.0,322.02078124999997,172.38461558574974,143.10182741339608,465.1226086633961,1.0,,
2024-06-17,363.30916666666667,182.86979166666666,1000.0,4.6291175,3.5499999999999994,1.0,1.0,2000.0,0.0,280.46166617159724,27.23054393057735,37.98552891784309,1258.4322517870667,0.0,1296.0513087460395,365.08487570310973,1.0,5199.51460998422,1299.8786524960549,1296.0513087460395,365.08487570310973,890.5452136635054,0.0,2524007.76580222,50000.0,0.0,7.53158492164826,0.0,1.0,363.30916666666667,27.23054393057735,36.086252471950935,399.3954191386176,1.0,,
2024-06-18,349.2608020833333,177.92447916666666,1000.0,4.413647266666667,3.5499999999999994,1.0,1.0,2000.0,0.0,279.5672771268894,49.860800409300076,47.17796612909138,888.5223605190432,0.0,1299.7621681210549,366.13018820311413,1.0,5199.51460998422,1299.8786524960549,1299.7621681210549,366.13018820311413,897.4701511635172,0.0,2609924.7788764155,50000.0,0.0,7.6699190542573055,0.0,1.0,349.2608020833333,49.860800409300076,44.81906782263681,394.07986990597016,1.0,,
2024-06-19,354.8410208333333,166.19791666666666,1000.0,4.159073041666667,3.5499999999999994,1.0,1.0,2000.0,0.0,275.4647727140857,29.54696771810711,21.373499440674795,1042.3790354878868,0.0,1279.604824371058,360.4520632031149,1.0,5199.51460998422,1299.8786524960549,1279.604824371058,360.4520632031149,890.7255261635129,0.0,2696040.570013113,50000.0,0.0,8.035068060986024,0.0,1.0,354.8410208333333,29.54696771810711,20.30482446864106,375.14584530197436,1.0,,
2024-06-20,373.57488541666663,165.08854166666666,1000.0,5.305945224999999,3.5499999999999994,1.0,1.0,2000.0,0.0,279.63852620917095,33.13815361731445,34.76204310133454,1290.4184376475234,0.0,1230.686933746061,346.67237570311573,1.0,5199.51460998422,1299.8786524960549,1230.686933746061,346.67237570311573,852.4787136635155,0.0,2779700.9048373103,50000.0,0.0,7.737243090995167,0.0,1.0,373.57488541666663,33.13815361731445,33.02394094626781,406.59882636293446,1.0,,
2024-06-21,384.29044791666666,177.30729166666666,1000.0,7.4525694375,3.5499999999999994,1.0,1.0,2000.0,0.0,265.09529752330826,34.007349457711506,36.927469053461444,926.866026612414,0.0,1248.492402496012,351.688000703102,1.0,5199.51460998422,1299.8786524960549,1248.492402496012,351.688000703102,856.9480886634761,0.0,2861224.990015671,50000.0,0.0,7.348945996424731,0.0,1.0,384.29044791666666,34.007349457711506,35.08109560078837,419.371543517455,1.0,,
2024-06-22,352.06820833333336,195.78645833333334,1000.0,2.837178025,3.5499999999999994,1.0,1.0,2000.0,0.0,266.18739704356443,168.1684898309667,158.3137193799748,637.9362326434454,0.0,1292.107480621046,363.97393820311163,1.0,5199.51460998422,1299.8786524960549,1292.107480621046,363.97393820311163,877.0568178302342,0.0,2944909.6389440335,50000.0,0.0,7.0390634736750854,0.0,1.0,352.06820833333336,168.1684898309667,150.39803341097604,502.4662417443094,1.0,,
2024-06-23,335.6014166666667,195.24739583333334,1000.0,3.4780246875,3.5499999999999994,1.0,1.0,2000.0,0.0,283.7332556861273,162.54898306366223,154.83529591533605,824.6183800199043,0.0,1296.4950587460514,365.20987570311314,1.0,5199.51460998422,1299.8786524960549,1296.4950587460514,365.20987570311314,880.9981303301134,0.0,3029271.951289064,50000.0,0.0,7.011976827657052,0.0,1.0,335.6014166666667,162.54898306366223,147.09353111956926,482.6949477862359,1.0,,
2024-06-24,362.2830729166667,194.28645833333334,1000.0,5.170249041666667,3.5499999999999994,1.0,1.0,2000.0,0.0,277.124785142765,33.30867686471759,32.67582697606834,834.0341480245473,0.0,1272.0555274960607,358.3255007031157,1.0,5199.51460998422,1299.8786524960549,1272.0555274960607,358.3255007031157,862.2152553302076,0.0,3112492.1975924275,50000.0,0.0,7.06144206118692,0.0,1.0,362.2830729166667,33.30867686471759,31.042035627264926,393.32510854393155,1.0,,
2024-06-25,367.985125,176.53125,1000.0,4.644194166666667,3.5499999999999994,1.0,1.0,2000.0,0.0,265.0579644903603,38.33471393643609,35.324169624049226,1066.0828263060941,0.0,1285.7395598919788,362.1801577160504,1.0,5199.51460998422,1299.8786524960549,1285.7395598919788,362.1801577160504,887.3666479136092,0.0,3197027.5258285855,50000.0,0.0,7.52322533640713,0.0,1.0,367.985125,38.33471393643609,33.557961142846764,401.54308614284673,1.0,,
2024-06-26,370.8853125,179.35416666666666,1000.0,5.22717975,3.5499999999999994,1.0,1.0,2000.0,0.0,276.28182317451893,34.584592271897556,32.45426253392502,962.6207465940951,0.0,1239.233366185884,349.0798214608124,1.0,5199.51460998422,1299.8786524960549,1239.233366185884,349.0798214608124,847.9033596153673,0.0,3280419.5838540285,50000.0,0.0,7.2803252738632525,0.0,1.0,370.8853125,34.584592271897556,30.831549407228767,401.71686190722875,1.0,,
2024-06-27,368.02785416666666,170.77604166666666,1000.0,5.7367093,3.5499999999999994,1.0,1.0,2000.0,0.0,280.14670297567505,35.09860277517144,34.309265769570395,1000.4818291583391,0.0,1240.0882811007045,349.32064256357876,1.0,5199.51460998422,1299.8786524960549,1240.0882811007045,349.32064256357876,855.4497915472322,0.0,3361365.7389584314,50000.0,0.0,7.5662628014784294,0.0,1.0,368.02785416666666,35.09860277517144,32.59380248109188,400.6216566477585,1.0,,
2024-06-28,358.3696041666667,159.81770833333334,1000.0,4.001522041666667,3.5499999999999994,1.0,1.0,2000.0,0.0,273.37976701804126,54.91147605618645,51.60204674303105,911.5809878954179,0.0,1286.3818949356971,362.3610971649851,1.0,5199.51460998422,1299.8786524960549,1286.3818949356971,362.3610971649851,901.2513492818911,0.0,3445938.7022393495,50000.0,0.0,8.482003063945116,0.0,1.0,358.3696041666667,54.91147605618645,49.0219444058795,407.3915485725461,1.0,,
2024-06-29,338.08609375,155.26822916666666,1000.0,3.480804341666667,3.5499999999999994,1.0,1.0,2000.0,0.0,287.9260573393346,151.74560766347852,144.20837113995364,805.1211882389443,0.0,1275.3026880970071,359.2401938301429,1.0,5199.51460998422,1299.8786524960549,1275.3026880970071,359.2401938301429,896.0275671442723,0.0,3532645.3631986505,50000.0,0.0,8.459992591702294,0.0,1.0,338.08609375,151.74560766347852,136.99795258295597,475.08404633295595,1.0,,
2024-06-30,323.23864583333335,158.52864583333334,1000.0,2.3353618833333334,3.5499999999999994,1.0,1.0,2000.0,0.0,308.9374492963357,162.2484414828431,146.66353204490125,1304.8665950017526,0.0,1224.4156568470114,344.90581883014414,1.0,5199.51460998422,1299.8786524960549,1224.4156568470114,344.90581883014414,852.7096088109439,0.0,3616814.8558528344,50000.0,0.0,8.00528631700392,0.0,1.0,323.23864583333335,162.2484414828431,139.33035544265618,462.5690012759895,1.0,,
2024-07-01,368.3804895833334,175.8203125,1000.0,4.5471688125,3.85,1.0,1.0,2000.0,0.0,297.38949300673715,31.801344413118724,37.054890350877194,1000.8825101254106,0.0,1299.8786524960549,337.6308188301441,1.0,5199.51460998422,1299.8786524960549,1299.8786524960549,337.6308188301441,899.2466719968438,0.0,3700589.220446534,50000.0,0.0,7.828552854879509,0.0,1.0,368.3804895833334,31.801344413118724,35.202145833333326,403.5826354166666,1.0,,
2024-07-02,364.6901666666667,182.32291666666666,1000.0,3.8986384458333334,3.85,1.0,1.0,2000.0,0.0,293.80530565315047,37.1289322408032,35.00549830606783,954.3255770590958,0.0,1299.8786524960549,337.6308188301441,1.0,5199.51460998422,1299.8786524960549,1299.8786524960549,337.6308188301441,894.0445886635139,0.0,3786641.3655415643,50000.0,0.0,7.5061723502894155,0.0,1.0,364.6901666666667,37.1289322408032,33.255223390764435,397.9453900574311,1.0,,
2024-07-03,369.23564583333336,205.69791666666666,1000.0,4.789313841666667,3.85,1.0,1.0,2000.0,0.0,293.65367195741857,29.150925388756196,29.632367904880965,919.8009461878232,0.0,1294.025449370996,336.1105063301288,1.0,5199.51460998422,1299.8786524960549,1294.025449370996,336.1105063301288,870.662026163389,0.0,3871612.365407428,50000.0,0.0,6.784043530857613,0.0,1.0,369.23564583333336,29.150925388756196,28.150749509636913,397.3863953429702,1.0,,
2024-07-04,358.0373020833333,192.08072916666666,1000.0,2.4459713375,3.85,1.0,1.0,2000.0,0.0,295.1955285100594,83.07148738535919,77.82481506199578,837.3678569780399,0.0,1299.8726368710547,337.6292563301441,1.0,5199.51460998422,1299.8786524960549,1299.8726368710547,337.6292563301441,886.2335261635035,0.0,3955272.130231623,50000.0,0.0,7.400393689562655,0.0,1.0,358.0373020833333,83.07148738535919,73.93357430889598,431.9708763922293,1.0,,
2024-07-05,355.17846875000004,177.58854166666666,1000.0,2.6222350000000003,3.85,1.0,1.0,2000.0,0.0,297.9494406708963,93.32714614317503,88.51144673075311,891.4841425935075,0.0,1299.8786524960549,337.6308188301441,1.0,5199.51460998422,1299.8786524960549,1299.8786524960549,337.6308188301441,897.8320886634943,0.0,4041070.6482433206,50000.0,0.0,7.821659974704642,0.0,1.0,355.17846875000004,93.32714614317503,84.08587439421545,439.26434314421545,1.0,,
2024-07-06,338.94219791666666,150.97916666666666,1000.0,0.28038616666666666,3.85,1.0,1.0,2000.0,0.0,303.3061289312263,218.47356285490886,208.79232477152198,837.8873309880458,0.0,1299.8786524960549,337.6308188301441,1.0,5199.51460998422,1299.8786524960549,1299.8786524960549,337.6308188301441,919.1195886635105,0.0,4128465.535005018,50000.0,0.0,9.006507110647531,0.0,1.0,338.94219791666666,218.47356285490886,198.3527085329459,537.2949064496125,1.0,,
2024-07-07,319.3298125,162.8515625,1000.0,0.4420257916666666,3.85,1.0,1.0,2000.0,0.0,318.28111827475556,178.58360786675155,161.9214289175276,1048.0408081182902,0.0,1299.8786524960549,337.6308188301441,1.0,5199.51460998422,1299.8786524960549,1299.8786524960549,337.6308188301441,909.6216719968438,0.0,4216220.219683382,50000.0,0.0,8.33361888643356,0.0,1.0,319.3298125,178.58360786675155,153.82535747165124,473.1551699716512,1.0,,
2024-07-08,346.22788541666665,170.171875,1000.0,4.6243782,3.85,1.0,1.0,2000.0,0.0,317.426952375605,32.33899557080451,35.394370729705564,1257.7070620572981,0.0,1299.8786524960549,337.6308188301441,1.0,5199.51460998422,1299.8786524960549,1299.8786524960549,337.6308188301441,903.7654219968525,0.0,4303185.189778412,50000.0,0.0,8.051853735293754,0.0,1.0,346.22788541666665,32.33899557080451,33.62465219322028,379.85253760988695,1.0,,
2024-07-09,350.6841354166667,159.55729166666666,1000.0,4.3174291333333334,3.85,1.0,1.0,2000.0,0.0,312.1942816694299,32.6919643208045,34.11803972320934,977.6020875655453,0.0,1296.840761871069,336.8417563301478,1.0,5199.51460998422,1299.8786524960549,1296.840761871069,336.8417563301478,909.8267761635219,0.0,4390430.390915108,50000.0,0.0,8.486825310937576,0.0,1.0,350.6841354166667,32.6919643208045,32.41213773704887,383.0962731537156,1.0,,
2024-07-10,354.59525,157.93229166666666,1000.0,4.697586425,3.85,1.0,1.0,2000.0,0.0,303.6878450787578,39.532000359393294,34.87727817715028,1051.1828841614279,0.0,1290.9755274960455,335.31831883014166,1.0,5199.51460998422,1299.8786524960549,1290.9755274960455,335.31831883014166,906.4345886635032,0.0,4477749.282343472,50000.0,0.0,8.518459668719125,0.0,1.0,354.59525,39.532000359393294,33.13341426829277,387.7286642682928,1.0,,
2024-07-11,358.2410520833334,169.1484375,1000.0,5.535563441666667,3.85,1.0,1.0,2000.0,0.0,316.46852148480383,35.046693255432544,35.11140595127993,933.8674871058073,0.0,1245.858339996063,323.5995688301462,1.0,5199.51460998422,1299.8786524960549,1245.858339996063,323.5995688301462,861.3679219968452,0.0,4562704.93673017,50000.0,0.0,7.6642260257983175,0.0,1.0,358.2410520833334,35.046693255432544,33.35583565371593,391.59688773704926,1.0,,
2024-07-12,369.41379166666667,180.08854166666666,1000.0,5.1619705875,3.85,1.0,1.0,2000.0,0.0,298.69972635803316,39.473684210526315,38.361074805654326,897.6227218589779,0.0,1266.0949024960598,328.85581883014544,1.0,5199.51460998422,1299.8786524960549,1266.0949024960598,328.85581883014544,868.8050886635184,0.0,4644959.257325201,50000.0,0.0,7.29663071883927,0.0,1.0,369.41379166666667,39.473684210526315,36.4430210653716,405.85681273203824,1.0,,
2024-07-13,344.67096875,172.90625,1000.0,2.5505056125,3.85,1.0,1.0,2000.0,0.0,299.292416140538,173.17621776315968,162.82577261457035,825.7356275907922,0.0,1299.547793121055,337.5448813301441,1.0,5199.51460998422,1299.8786524960549,1299.547793121055,337.5448813301441,901.3132344968136,0.0,4730297.679399398,50000.0,0.0,7.829487841219412,0.0,1.0,344.67096875,173.17621776315968,154.68448398384183,499.3554527338418,1.0,,
2024-07-14,315.06876041666663,157.75,1000.0,-0.13995067500000005,3.85,1.0,1.0,2000.0,0.0,330.0284815610507,171.24609768212312,162.0780615684048,996.3362707197857,0.0,1299.8786524960549,337.6308188301441,1.0,5199.51460998422,1299.8786524960549,1299.8786524960549,337.6308188301441,913.7029219968439,0.0,4817283.7637652615,50000.0,0.0,8.62276840134565,0.0,1.0,315.06876041666663,171.24609768212312,153.97415848998455,469.0429189066512,1.0,,
2024-07-15,350.2411354166666,155.70052083333334,1000.0,4.0223523125,3.85,1.0,1.0,2000.0,0.0,309.145408673408,43.76339304887468,42.9271115464141,963.0333212095898,0.0,1299.8786524960549,337.6308188301441,1.0,5199.51460998422,1299.8786524960549,1299.8786524960549,337.6308188301441,915.3425053301772,0.0,4905241.083860292,50000.0,0.0,8.810099741840508,0.0,1.0,350.2411354166666,43.76339304887468,40.7807559690934,391.02189138576006,1.0,,
2024-07-16,363.80271875,150.59375,1000.0,3.085370758333333,3.85,1.0,1.0,2000.0,0.0,292.34279826425524,64.58672638220801,61.033486554325684,879.5125030314574,0.0,1298.4108399960628,337.2495688301462,1.0,5199.51460998422,1299.8786524960549,1298.4108399960628,337.2495688301462,918.2536719968502,0.0,4993466.523955322,50000.0,0.0,9.102712989551755,0.0,1.0,363.80271875,64.58672638220801,57.9818122266094,421.7845309766094,1.0,,
2024-07-17,359.28198958333337,156.40364583333334,1000.0,4.7088594,3.85,1.0,1.0,2000.0,0.0,297.5869032591905,32.2177768208045,26.858869466813278,894.6365096504082,0.0,1295.2526368710555,336.42925633014426,1.0,5199.51460998422,1299.8786524960549,1295.2526368710555,336.42925633014426,911.0791928301778,0.0,5081214.671633686,50000.0,0.0,8.672219957200243,0.0,1.0,359.28198958333337,32.2177768208045,25.51592599347261,384.79791557680596,1.0,,
2024-07-18,352.90775,154.8046875,1000.0,6.0502313249999995,3.85,1.0,1.0,2000.0,0.0,321.57324985090355,32.79944260149042,34.76379806756736,1024.1077691041853,0.0,1254.1188879904105,325.7451657117949,1.0,5199.51460998422,1299.8786524960549,1254.1188879904105,325.7451657117949,879.4513603923284,0.0,5167163.434876223,50000.0,0.0,8.427594043223069,0.0,1.0,352.90775,32.79944260149042,33.02560816418899,385.933358164189,1.0,,
2024-07-19,365.48904166666665,145.76302083333334,1000.0,4.911614166666666,3.85,1.0,1.0,2000.0,0.0,300.9860177403775,33.603760071789125,33.33664383383148,897.192049664796,0.0,1276.6253198287304,331.59099216330657,1.0,5199.51460998422,1299.8786524960549,1276.6253198287304,331.59099216330657,904.6898391963177,0.0,5252404.914757113,50000.0,0.0,9.265678018405595,0.0,1.0,365.48904166666665,33.603760071789125,31.669811642139905,397.15885330880656,1.0,,
2024-07-20,335.42245833333334,143.95833333333334,1000.0,3.6246844666666664,3.85,1.0,1.0,2000.0,0.0,320.2412432183061,54.13461525613695,49.8793533030742,977.4157984715739,0.0,1299.710214996055,337.5870688301441,1.0,5199.51460998422,1299.8786524960549,1299.710214996055,337.5870688301441,924.6015053301772,0.0,5340354.503889226,50000.0,0.0,9.556206493072366,0.0,1.0,335.42245833333334,54.13461525613695,47.38538563792048,382.8078439712538,1.0,,
2024-07-21,329.479125,133.54166666666666,1000.0,3.104559966666667,3.85,1.0,1.0,2000.0,0.0,317.9541950607062,146.9280912164959,138.93918958668021,932.2177953934023,0.0,1299.8786524960549,337.6308188301441,1.0,5199.51460998422,1299.8786524960549,1299.8786524960549,337.6308188301441,933.0695886635104,0.0,5429787.125317589,50000.0,0.0,10.088292695547311,0.0,1.0,329.479125,146.9280912164959,131.99223010734622,461.4713551073462,1.0,,
2024-07-22,363.4220416666667,152.06770833333334,1000.0,4.368229516666667,3.85,1.0,1.0,2000.0,0.0,297.036965868945,38.75939238423587,37.91529605263158,1017.8238402822832,0.0,1296.684355621087,336.80113133015243,1.0,5199.51460998422,1299.8786524960549,1296.684355621087,336.80113133015243,915.6933178302029,0.0,5518398.129787622,50000.0,0.0,8.925377005114559,0.0,1.0,363.4220416666667,38.75939238423587,36.01953124999999,399.4415729166667,1.0,,
2024-07-23,356.7098125,154.37239583333334,1000.0,4.56959335,3.85,1.0,1.0,2000.0,0.0,303.22689798020104,30.610917329785384,29.123693831717166,876.7475408050559,0.0,1297.9115431210578,337.1198813301449,1.0,5199.51460998422,1299.8786524960549,1297.9115431210578,337.1198813301449,914.8313178301796,0.0,5606346.351278488,50000.0,0.0,8.925288248720504,0.0,1.0,356.7098125,30.610917329785384,27.667509140131305,384.37732164013136,1.0,,
2024-07-24,344.7947916666667,161.02864583333334,1000.0,5.2297382875,3.85,1.0,1.0,2000.0,0.0,311.1246956138143,66.56628355785556,63.255949651032246,939.4463730461434,0.0,1299.788418121055,337.6073813301441,1.0,5199.51460998422,1299.8786524960549,1299.788418121055,337.6073813301441,911.0078178301773,0.0,5693999.780852684,50000.0,0.0,8.384058814688553,0.0,1.0,344.7947916666667,66.56628355785556,60.093152168480636,404.8879438351473,1.0,,
2024-07-25,351.93171875,170.75520833333334,1000.0,4.621407875,3.85,1.0,1.0,2000.0,0.0,308.15885050043624,32.68172473747117,30.720381913738645,889.7016281473335,0.0,1295.1864649960555,336.4120688301443,1.0,5199.51460998422,1299.8786524960549,1295.1864649960555,336.4120688301443,899.5450053301553,0.0,5780894.243031048,50000.0,0.0,7.98089141507202,0.0,1.0,351.93171875,32.68172473747117,29.18436281805171,381.1160815680517,1.0,,
2024-07-26,353.7700625,173.5390625,1000.0,4.8985365,3.85,1.0,1.0,2000.0,0.0,307.93970789105794,34.752610551770104,33.17211818207635,890.0729708197447,0.0,1289.9468556210563,335.0511313301445,1.0,5199.51460998422,1299.8786524960549,1289.9468556210563,335.0511313301445,893.1262344968451,0.0,5866649.014438578,50000.0,0.0,7.720497817311739,0.0,1.0,353.7700625,34.752610551770104,31.513512272972534,385.28357477297254,1.0,,
2024-07-27,334.6508125,150.48697916666666,1000.0,4.5665841,3.85,1.0,1.0,2000.0,0.0,326.2397703819241,35.56329332749916,34.99109942223718,1080.122346903714,0.0,1296.632522730553,336.7876682417022,1.0,5199.51460998422,1299.8786524960549,1296.632522730553,336.7876682417022,916.916434851109,0.0,5953751.354059317,50000.0,0.0,8.907654958882882,0.0,1.0,334.6508125,35.56329332749916,33.24154445112532,367.8923569511253,1.0,,
2024-07-28,316.5041458333333,141.78645833333334,1000.0,1.1226179250000001,3.85,1.0,1.0,2000.0,0.0,332.86248211138076,217.38578420858292,204.48280226662425,1004.9950230981377,0.0,1260.8990624999853,327.50624999999997,1.0,5199.51460998422,1299.8786524960549,1260.8990624999853,327.50624999999997,895.2900833333218,0.0,6041133.2383333035,50000.0,0.0,9.318118495390527,0.0,1.0,316.5041458333333,217.38578420858292,194.25866215329302,510.76280798662634,1.0,,
2024-07-29,349.13326041666664,157.74479166666666,1000.0,3.5927078,3.85,1.0,1.0,2000.0,0.0,324.99885613103055,148.66647477792225,143.07746455328174,952.6426325490288,0.0,1205.5312499999934,313.125,1.0,5199.51460998422,1299.8786524960549,1205.5312499999934,313.125,838.2291666666614,0.0,6124210.553166636,50000.0,0.0,7.894171289807203,0.0,1.0,349.13326041666664,148.66647477792225,135.92359132561765,485.0568517422843,1.0,,
2024-07-30,353.83366666666666,153.30208333333334,1000.0,4.0366333333333335,3.85,1.0,1.0,2000.0,0.0,342.83757478114467,48.3919351835215,46.09281750666656,950.1792144694638,0.0,1150.0912500000013,298.72499999999997,1.0,5199.51460998422,1299.8786524960549,1150.0912500000013,298.72499999999997,797.4313333333344,0.0,6202832.2374166325,50000.0,0.0,7.782702494060266,0.0,1.0,353.83366666666666,48.3919351835215,43.78817663133322,397.62184329799993,1.0,,
2024-07-31,367.63477083333333,152.47916666666666,1000.0,3.8056927625,3.85,1.0,1.0,2000.0,0.0,321.83008564838116,86.80101175885248,63.779861305862624,1494.7373596912955,0.0,1094.6512500000092,284.325,1.0,5199.51460998422,1299.8786524960549,1094.6512500000092,284.325,753.7376666666742,0.0,6277252.567166634,50000.0,0.0,7.49789457073533,0.0,1.0,367.63477083333333,86.80101175885248,60.590868240569485,428.2256390739028,1.0,,
2024-08-01,335.5343125,151.22395833333334,523.896875,3.992628358333333,3.85,1.0,1.0,2000.0,68.39614658073022,0.0,5.01171874999927,19.134747020288177,988.3746087114256,0.0,1039.2112500000173,269.925,1.0,5199.51460998422,1299.8786524960549,1039.2112500000173,269.925,710.3898333333474,0.0,6347451.440333302,50000.0,0.0,7.119172612361601,0.0,0.822001145030161,335.5343125,5.01171874999927,18.178009669273766,353.7123221692738,1.0,,
2024-08-02,358.17534374999997,157.33854166666666,532.4018229166667,3.781414570833333,3.85,1.0,1.0,2000.0,78.64275449997474,0.0,15.403078658829012,19.00931051809856,907.5139958959443,0.0,983.7712500000238,255.525,1.0,5199.51460998422,1299.8786524960549,983.7712500000238,255.525,661.146166666686,0.0,6413206.256916635,50000.0,0.0,6.484583788806476,0.0,0.7926282543432959,358.17534374999997,15.403078658829012,18.05884499219363,376.2341887421937,1.0,,
2024-08-03,342.66803125,147.6953125,528.7830729166667,3.336137666666667,3.85,1.0,1.0,2000.0,59.66934840148857,0.0,23.367462237422263,19.692707546603454,1083.849341747622,0.0,928.3312500000229,241.125,1.0,5199.51460998422,1299.8786524960549,928.3312500000229,241.125,624.5087500000185,0.0,6474914.998166638,50000.0,0.0,6.467725697522424,0.0,0.8519379745264204,342.4393229166667,23.367462237422263,18.708072169273283,361.14739508593993,1.0,,
2024-08-04,313.58133333333336,145.5625,542.7799479166666,2.8121345166666667,3.85,1.0,1.0,2000.0,49.316349336343414,48.47687507812062,21.2254846462378,18.855153478618195,570.1811707906592,0.0,872.8912500000212,226.725,1.0,5199.51460998422,1299.8786524960549,872.8912500000212,226.725,581.8630000000169,0.0,6532885.83491664,50000.0,0.0,6.188953433186601,0.0,0.8620180435369577,313.58133333333336,21.2254846462378,17.912395804687282,331.4937291380206,1.0,,
2024-08-05,361.21836458333337,159.38802083333334,561.0364583333334,4.339540666666667,3.85,1.0,1.0,2000.0,29.552189999924135,17.048455734373245,20.740542947911393,21.835489402490087,1124.1405017210416,0.0,817.4512500000188,212.32500000000002,1.0,5199.51460998422,1299.8786524960549,817.4512500000188,212.32500000000002,526.4505833333486,0.0,6585935.565083305,50000.0,0.0,5.329876572907868,0.0,0.9351145779980806,361.21836458333337,20.740542947911393,20.74371493236558,381.9620795156989,1.0,,
2024-08-06,356.15445833333337,162.34114583333334,550.5174479166666,4.156346770833333,3.85,1.0,1.0,2000.0,29.010876281246922,22.563373764599323,34.93314546984223,33.73437196827979,759.3501576659414,0.0,762.0112500000168,197.92499999999998,1.0,5199.51460998422,1299.8786524960549,762.0112500000168,197.92499999999998,479.73608333334704,0.0,6634310.280333304,50000.0,0.0,4.902009162219074,0.0,0.9338239609089474,356.15445833333337,34.328269188596074,31.539834494204758,387.69429282753805,1.0,,
2024-08-07,362.8583229166666,159.74479166666666,534.2611979166667,4.2435766125,3.85,1.0,1.0,2000.0,16.399904583335697,3.421449561402102,19.847508771929736,19.990714473684424,1122.647918229163,0.0,706.571250000015,183.525,1.0,5199.51460998422,1299.8786524960549,706.571250000015,183.525,437.4611666666788,0.0,6678361.378583307,50000.0,0.0,4.6725201627839805,0.0,0.9605274785361028,362.8583229166666,19.847508771929736,18.953096781836575,381.81141969850324,1.0,,
2024-08-08,367.42966666666666,154.94791666666666,529.7638020833333,4.2863283999999995,3.85,1.0,1.0,2000.0,17.806395487075335,8.901031163433622,21.68717682363975,20.602817982457655,1135.0042291749035,0.0,651.131250000013,169.125,1.0,5199.51460998422,1299.8786524960549,651.131250000013,169.125,396.9466666666771,0.0,6718313.11608331,50000.0,0.0,4.379325364279847,0.0,0.960901494667628,367.2091666666667,21.267583419898404,19.19399403645828,386.40316070312497,0.9994976282585813,,
2024-08-09,357.5888854166667,156.25520833333334,514.0419270833333,3.6991096875,3.85,1.0,1.0,2000.0,6.930479166666951,6.399578976220545,20.148014773778197,18.830603070176945,773.3889112939686,0.0,595.6912500000111,154.725,1.0,5199.51460998422,1299.8786524960549,595.6912500000111,154.725,351.54883333334215,0.0,6754090.469916645,50000.0,0.0,4.00852500018666,0.0,0.984160000986833,357.5888854166667,20.148014773778197,17.88907291666802,375.4779583333347,1.0,,
2024-08-10,335.9981041666667,148.0625,489.8627604166666,2.623952125,3.85,1.0,1.0,2000.0,38.8170693188055,49.26391422296117,26.146889871882696,24.267451080042907,767.3846002183,0.0,540.251250000009,140.32500000000002,1.0,5199.51460998422,1299.8786524960549,540.251250000009,140.32500000000002,313.7510000000072,0.0,6786113.210916649,50000.0,0.0,3.752325247109983,0.0,0.9040893801560452,335.79287500000004,15.895617330220787,14.217721573016306,350.0105965730163,0.9995513891044432,,
2024-08-11,316.10226041666664,138.92447916666666,466.22109374999997,2.5599120625,3.85,1.0,1.0,2000.0,42.80965838541125,61.530962516085275,57.95564727084521,55.24538744019765,708.9216272287334,0.0,484.811250000007,125.925,1.0,5199.51460998422,1299.8786524960549,484.811250000007,125.925,276.7094166666723,0.0,6814454.8682499835,50000.0,0.0,3.5834981653903193,0.0,0.8823966595985202,315.69462500000003,14.601373499538347,13.378713195965297,329.0733381959653,0.9997437151420577,,
2024-08-12,364.91137499999996,151.45833333333334,461.3450520833333,4.2760909583333335,3.85,1.0,1.0,2000.0,33.15716353638027,6.323251644736313,30.03884338650957,19.259215170035425,1343.8776662822952,0.0,429.371250000005,111.52499999999999,1.0,5199.51460998422,1299.8786524960549,429.371250000005,111.52499999999999,222.3303333333374,0.0,6838332.641916654,50000.0,0.0,2.9286571144413514,0.0,0.9257320847092337,358.6239479166666,22.63516502192967,14.10886683809701,372.7328147547637,0.9878243774695412,,
2024-08-13,356.33419791666665,153.24479166666666,365.5044270833334,5.0574615,3.85,1.0,1.0,2000.0,98.1498620415657,1.4452342083832794,27.141252455722537,19.359363637762385,1501.5881557735768,0.0,373.93125000000305,97.125,1.0,5199.51460998422,1299.8786524960549,373.93125000000305,97.125,176.5491666666691,0.0,6857497.861083325,50000.0,0.0,2.5482194574419337,0.0,0.7494311757931452,314.96478125,15.11823958333313,13.296573600481187,328.26135485048115,0.9018652724933385,,
2024-08-14,367.14115625,154.04166666666666,286.1138020833333,6.714894083333333,3.85,1.0,1.0,2000.0,150.90239290514623,0.0,20.162668738531146,34.75013684215981,1208.8582779374278,0.0,318.491250000001,82.72500000000001,1.0,5199.51460998422,1299.8786524960549,318.491250000001,82.72500000000001,131.5596666666675,0.0,6872314.356999996,50000.0,0.0,2.173380041557855,0.0,0.5839568031302024,277.7346145833333,4.774333333333334,11.19745292254948,288.9320675058828,0.8063944612943486,,
2024-08-15,365.09023958333336,151.30729166666666,307.80546875,5.115804691666667,3.85,1.0,1.0,2000.0,135.48280154795066,0.0,27.09368767036276,18.127007321837016,1350.7014611191,0.0,263.0512499999991,68.325,1.0,5199.51460998422,1299.8786524960549,263.0512499999991,68.325,89.39516666666593,0.0,6882875.765083331,50000.0,0.0,1.8017169790104832,0.0,0.6230835807798389,298.2075520833333,4.6606562500000015,3.0101292724898614,301.21768135582323,0.8485399567695192,,
2024-08-16,372.9565520833333,149.01822916666666,309.73723958333335,5.78589075,3.85,1.0,1.0,2000.0,128.84320846022436,0.0,19.27395781960131,7.973749325659578,1537.2558612289552,0.0,207.6112499999988,53.925000000000004,1.0,5199.51460998422,1299.8786524960549,207.6112499999988,53.925000000000004,47.11839583333238,0.3049739583333597,6889391.634458332,50000.0,0.0,1.4658613712013195,0.0013842889393863623,0.6820191426792285,294.80219791666667,3.468843750000053,1.7656222570176971,296.56782017368437,0.8199899842545452,,
2024-08-17,358.58622916666667,146.8828125,285.17343750000003,6.33452025,3.85,1.0,1.0,2000.0,101.47427876275394,0.0,24.560444575256245,37.91995524123028,1240.336634096184,0.0,152.17124999999928,39.525,1.0,5199.51460998422,1299.8786524960549,152.17124999999928,39.525,11.281062499999658,8.812890625000284,6891706.20846875,50000.0,0.0,1.065224571957899,0.05016181681437163,0.7325638293612831,281.75205208333335,1.2077395833333329,3.5032251949828352,285.2552772783162,0.8202588485670729,,
2024-08-18,333.4625208333333,145.3984375,311.12604166666665,6.203544,3.85,1.0,1.0,2000.0,50.21390262609643,0.0,23.990133771929848,22.355484539473704,684.942905894894,0.0,96.73124999999978,25.125,1.0,5199.51460998422,1299.8786524960549,96.73124999999978,25.125,1.3058958333332986,50.299557291666844,6889742.918843751,50000.0,0.0,0.6957606577102838,0.3205785252467469,0.8741277884981163,298.2453854166667,4.3971213266225115,4.084454740703158,302.3298401573698,0.9182196741304766,,
2024-08-19,365.2422604166666,167.8203125,322.94374999999997,8.970499525,3.85,1.0,1.0,2000.0,66.77150361266453,14.470187890624992,37.390097149123406,40.118201940790044,900.0269408639407,0.0,41.29125000000005,10.725,1.0,5199.51460998422,1299.8786524960549,41.29125000000005,10.725,0.0,126.52906249999995,6881141.729291669,50000.0,0.0,0.26494205215306393,0.735057947846936,0.8420382029531662,300.14603125,17.468906249999993,15.797517146667213,315.9435483966672,0.8627260584444622,,
2024-08-20,356.59982291666665,165.58854166666666,293.5125,6.951772508333334,3.85,1.0,1.0,2000.0,68.9756462290163,0.38316943674977016,34.76760385230647,31.256526291270095,1060.303682636558,0.0,1.6603124999999996,0.43124999999999997,0.23958333333333334,5199.51460998422,1299.8786524960549,1.6603124999999996,0.43124999999999997,0.0,163.92822916666668,6866693.938979168,50000.0,0.0,0.012324519200044175,0.9876754807999558,0.8202667249716068,281.70339583333333,11.195340979916898,8.419732734374692,290.123128567708,0.8363791642308623,,
2024-08-21,353.20398958333334,161.50520833333334,285.94296875000003,6.7119689,3.85,1.0,1.0,2000.0,69.2404717395757,0.6042759897522015,22.285982049471812,22.01137592945436,768.4306795671281,0.0,0.0,0.0,0.0,5199.51460998422,1299.8786524960549,0.0,0.0,0.0,161.50520833333334,6851097.484395835,50000.0,0.0,0.0,1.0,0.8311300394114767,280.78515625,4.6501875,5.785275482231963,286.57043173223195,0.8358143508909958,,
2024-08-22,356.387375,157.79427083333334,275.5346354166667,6.208674333333334,3.85,1.0,1.0,2000.0,95.46754739456411,13.036394138040173,25.279670152382327,24.94869103072813,839.3217097193982,0.0,0.0,0.0,0.0,5199.51460998422,1299.8786524960549,0.0,0.0,0.0,157.79427083333334,6835645.184916668,50000.0,0.0,0.0,1.0,0.7415153262553739,261.27208333333334,5.261739583333335,4.844301210476336,266.11638454380966,0.7643874141506609,,
2024-08-23,360.63371875,160.32552083333334,255.2203125,5.493276683333334,3.85,1.0,1.0,2000.0,109.29175027595015,1.3996145833333333,25.42286607812119,24.151722774215127,716.3477987015164,0.0,0.0,0.0,0.0,5199.51460998422,1299.8786524960549,0.0,0.0,0.0,160.32552083333334,6820355.338562501,50000.0,0.0,0.0,1.0,0.7076891816234321,246.02879166666665,7.791906250000001,7.032195390625337,253.060987057292,0.7286577970039613,,
2024-08-24,331.8064479166667,144.31770833333334,265.96770833333335,4.13402345,3.85,1.0,1.0,2000.0,88.47745787751074,15.267760416666668,18.38802951293068,17.468628037284144,611.2804293564451,0.0,21.475781250000022,5.578125,0.875,5199.51460998422,1299.8786524960549,21.475781250000022,5.578125,0.0,122.84192708333332,6806295.506270834,50000.0,0.0,0.15880906998579922,0.8411909300142008,0.7619118568893305,250.17556249999998,0.12907291666666737,0.11648830729165138,250.29205080729164,0.7844793542879777,,
2024-08-25,322.97014583333333,145.06510416666666,265.97578125,2.094235483333333,3.85,1.0,1.0,2000.0,71.27111242696567,0.0,24.505106088536753,23.27985078410992,990.242687531515,0.0,45.766875000000056,11.887500000000001,1.0,5199.51460998422,1299.8786524960549,45.766875000000056,11.887500000000001,0.0,99.2982291666666,6796548.850750002,50000.0,0.0,0.32154386428479104,0.678456135715209,0.8112003677824835,246.15548958333332,15.015541666666659,13.551526354165311,259.7070159374986,0.8302735809273911,,
2024-08-26,364.97348958333333,167.89583333333334,260.23723958333335,9.061891666666666,3.85,1.0,1.0,2000.0,115.2378765635006,6.37982461468357,31.008866141713327,29.458422834627665,1344.6803014352038,0.0,4.228984374999998,1.0984375,0.3854166666666667,5199.51460998422,1299.8786524960549,4.228984374999998,1.0984375,0.0,163.66684895833333,6783674.467208334,50000.0,0.0,0.03018532162614547,0.9698146783738545,0.6964681592612502,253.02483333333336,5.67354166666667,5.12037135416768,258.145204687501,0.7418584997640738,,
2024-08-27,353.3341666666667,165.79166666666666,245.76822916666666,8.417097333333333,3.85,1.0,1.0,2000.0,122.44863396816577,10.946125000000002,40.375091981187424,38.35633738212805,982.5620372660222,0.0,0.0,0.0,0.0,5199.51460998422,1299.8786524960549,0.0,0.0,0.0,165.79166666666666,6767751.715020835,50000.0,0.0,0.0,1.0,0.63867920932854,245.6544375,0.0,3.5476991714726094e-13,245.65443750000034,0.7099141009067832,,
2024-08-28,348.3501875,159.32552083333334,234.2307291666667,8.1351953125,3.85,1.0,1.0,2000.0,125.81113167418316,8.122510523437228,36.60679812730871,34.77645822094327,1129.8864152191197,0.0,0.0,0.0,0.0,5199.51460998422,1299.8786524960549,0.0,0.0,0.0,159.32552083333334,6751958.595229168,50000.0,0.0,0.0,1.0,0.6234869523093681,234.2307291666667,0.0,6.674144683281832e-39,234.2307291666667,0.682180070219821,,
2024-08-29,357.3242291666666,154.70052083333334,226.10234375000002,9.317609183333333,3.85,1.0,1.0,2000.0,134.5658285857822,0.3537819193642571,30.668320510269847,29.13490448475635,1266.3677917685116,0.0,0.0,0.0,0.0,5199.51460998422,1299.8786524960549,0.0,0.0,0.0,154.70052083333334,6737011.360854168,50000.0,0.0,0.0,1.0,0.6015826386715019,226.10234375000002,0.0,1.78525872911885e-52,226.10234375000002,0.6423012268016919,,
2024-08-30,355.9361979166667,154.24479166666666,217.05651041666667,9.695341333333333,3.85,1.0,1.0,2000.0,140.8391300571086,0.0,20.096846739575707,19.092004402596924,541.5351753510841,0.0,0.0,0.0,0.0,5199.51460998422,1299.8786524960549,0.0,0.0,0.0,154.24479166666666,6722299.837416668,50000.0,0.0,0.0,1.0,0.5893302305992637,217.05651041666667,0.0,8.111084816385511e-66,217.05651041666667,0.6171928394288138,,
2024-08-31,336.42721875,144.91145833333334,214.84947916666667,7.1659291,3.85,1.0,1.0,2000.0,123.70596173826334,0.0,21.827919537743885,20.7365235608567,744.4518622626905,0.0,0.0,0.0,0.0,5199.51460998422,1299.8786524960549,0.0,0.0,0.0,144.91145833333334,6707791.287937502,50000.0,0.0,0.0,1.0,0.6418031095582403,214.68827083333335,0.16120833333333356,0.14549052083331596,214.83376135416665,0.6528654912733851,,
2024-09-01,308.07702083333334,139.98697916666666,206.94765625,6.375495133333334,3.7000000000000006,1.0,1.0,2000.0,103.5442898963829,0.35703364496768214,21.10658121109631,20.051252150541497,787.4391286870133,0.0,0.0,0.0,0.0,5199.51460998422,1299.8786524960549,0.0,0.0,0.0,139.98697916666666,6694388.053562502,50000.0,0.0,0.0,1.0,0.6683673364464978,202.80755208333335,3.7830705216989866,3.4142211458329226,206.22177322916627,0.6847017862827287,,
2024-09-02,353.16827083333334,159.6796875,211.9455729166667,9.923763062499999,3.7000000000000006,1.0,1.0,2000.0,152.00473156790363,5.428410764984622,32.406072668452644,28.47626292863191,1258.7876437106802,0.0,0.0,0.0,0.0,5199.51460998422,1299.8786524960549,0.0,0.0,0.0,159.6796875,6679899.103041668,50000.0,0.0,0.0,1.0,0.5532801157196482,211.9455729166667,0.0,4.101605955740032e-13,211.94557291666706,0.6030434207930216,,
2024-09-03,353.24547916666666,160.77083333333334,203.56015625,11.901992958333333,3.7000000000000006,1.0,1.0,2000.0,160.37838120038035,7.2195289402176295,33.27190771383515,31.366714074041155,1192.4870221165008,0.0,0.0,0.0,0.0,5199.51460998422,1299.8786524960549,0.0,0.0,0.0,160.77083333333334,6664479.043145835,50000.0,0.0,0.0,1.0,0.5191751856093708,202.88776041666665,0.0,2.033763408293848e-14,202.88776041666668,0.5698653840147686,,
2024-09-04,350.34591666666665,155.61197916666666,184.73906250000002,11.209702049999999,3.7000000000000006,1.0,1.0,2000.0,175.98058313117724,8.443302676276273,35.59253877097981,35.43380261341631,479.73390011365973,0.0,0.0,0.0,0.0,5199.51460998422,1299.8786524960549,0.0,0.0,0.0,155.61197916666666,6649095.386895835,50000.0,0.0,0.0,1.0,0.4741394618039152,184.73906250000002,0.0,1.0915448733094219e-27,184.73906250000002,0.523149406063517,,
2024-09-05,362.00076041666665,160.55208333333334,189.65755208333334,8.94577475,3.7000000000000006,1.0,1.0,2000.0,175.45506656718047,0.0,28.988289577919563,27.238348783234112,730.784680468768,0.0,0.0,0.0,0.0,5199.51460998422,1299.8786524960549,0.0,0.0,0.0,160.55208333333334,6634092.175958335,50000.0,0.0,0.0,1.0,0.495506459067689,189.65755208333334,0.0,6.324768123514291e-67,189.65755208333334,0.5257576620399514,,
2024-09-06,354.42362499999996,157.96614583333334,182.79765625000002,8.422490791666666,3.7000000000000006,1.0,1.0,2000.0,174.67905653992582,0.0,28.73348587958128,27.031997989110987,1338.9583289138625,0.0,0.0,0.0,0.0,5199.51460998422,1299.8786524960549,0.0,0.0,0.0,157.96614583333334,6618795.949395835,50000.0,0.0,0.0,1.0,0.48243220947113424,182.79765625000002,0.0,1.7652190585892915e-80,182.79765625000002,0.5201672397228364,,
2024-09-07,323.56639583333333,152.20052083333334,179.85208333333333,7.174136291666667,3.7000000000000006,1.0,1.0,2000.0,145.65345301151237,0.0,26.39810361958449,25.746276955865383,768.2245315402542,0.0,0.0,0.0,0.0,5199.51460998422,1299.8786524960549,0.0,0.0,0.0,152.20052083333334,6603724.118666668,50000.0,0.0,0.0,1.0,0.5472952112585375,179.85208333333333,0.0,1.7049575719938446e-93,179.85208333333333,0.5624693869181824,,
2024-09-08,323.5985625,148.93489583333334,234.34244791666666,6.718490020833333,3.7000000000000006,1.0,1.0,2000.0,103.37880738987117,12.791827786458333,21.243290021929827,20.960447370368758,658.675899071449,0.0,0.0,0.0,0.0,5199.51460998422,1299.8786524960549,0.0,0.0,0.0,148.93489583333334,6589601.730645835,50000.0,0.0,0.0,1.0,0.6920762973864383,231.74432291666665,1.506447916666666,1.31382377604057,233.05814669270725,0.7310317783779491,,
2024-09-09,378.79728124999997,191.18489583333334,423.0963541666667,9.7999124,3.7000000000000006,1.0,1.0,2000.0,33.62204002192983,71.6502908391593,24.90402531763976,21.469161282318492,545.0600141958007,0.0,6.521250000000002,1.7625,0.4895833333333333,5199.51460998422,1299.8786524960549,6.521250000000002,1.7625,0.0,184.66364583333333,6573490.010020834,50000.0,0.0,0.03625584246087764,0.9637441575391223,0.9179513287397875,347.73777083333334,21.564016545709933,17.38134530153451,365.11911613486785,0.9304692059133842,,
2024-09-10,375.62118749999996,198.83072916666666,530.0442708333334,6.408194141666667,3.7000000000000006,1.0,1.0,2000.0,16.908050438596497,159.2859879583849,37.68406064884333,38.03767351084044,1021.9695456207763,0.0,38.83843750000005,10.496875000000001,1.0,5199.51460998422,1299.8786524960549,38.83843750000005,10.496875000000001,0.0,159.99229166666663,6556990.273666669,50000.0,0.0,0.19968398264937517,0.8003160173506249,0.9605060960945728,374.79531249999997,22.658135210246837,22.574892126966333,397.37020462696637,0.9979820107790812,,
2024-09-11,372.54038541666665,221.43229166666666,441.89687499999997,8.158499358333334,3.7000000000000006,1.0,1.0,2000.0,3.37821875,68.73070997807018,24.624342105263153,23.393124999999998,1242.8372820107145,0.0,5.931562500000002,1.6031250000000001,0.5416666666666666,5199.51460998422,1299.8786524960549,5.931562500000002,1.6031250000000001,0.0,215.50072916666667,6539418.139291669,50000.0,0.0,0.03455668924834587,0.9654433107516541,0.9928206809847967,368.993375,24.624342105263153,22.223468749998744,391.21684374999876,0.9928206809847966,,
2024-09-12,403.36463541666666,315.4348958333333,460.20078125000003,9.316761225,3.7000000000000006,1.0,1.0,2000.0,15.108510970480864,58.508129048706564,37.90832166638328,34.68083569607963,954.5974788248882,0.0,31.357500000000034,8.475,1.0,5199.51460998422,1299.8786524960549,31.357500000000034,8.475,0.0,284.0773958333333,6515240.554395836,50000.0,0.0,0.09855165240943291,0.9014483475905671,0.9685541662658648,398.13890625,27.56008152923575,23.607507187500463,421.74641343750045,0.9922559987658328,,
2024-09-13,431.91533333333336,415.0182291666667,460.28020833333335,8.26634865,3.7000000000000006,1.0,1.0,2000.0,30.24560806898072,34.14675134676539,29.273826818980737,29.14220536501618,658.3689143032183,0.0,84.63749999999987,22.875,1.0,5199.51460998422,1299.8786524960549,84.63749999999987,22.875,0.0,330.3807291666668,6485995.498666669,50000.0,0.0,0.21470555132933541,0.7852944486706646,0.9380507587246775,415.26588541666666,20.434208333333334,19.70733941346946,434.97322483013613,0.9705916300290537,,
2024-09-14,402.1823958333334,377.8411458333333,444.85182291666666,5.2510486875,3.7000000000000006,1.0,1.0,2000.0,45.84223135970131,45.996146731177,34.08665858315717,30.36436512768353,789.7002175261741,0.0,137.91749999999942,37.275,1.0,5199.51460998422,1299.8786524960549,137.91749999999942,37.275,0.0,239.92364583333392,6457553.7995000025,50000.0,0.0,0.3812052790016722,0.6187947209983278,0.8940068640860157,381.06068750000003,18.496468750000034,15.82500282215792,396.8856903221579,0.9570496033387398,,
2024-09-15,361.7265625,341.9791666666667,403.0216145833333,5.1968387625,3.7000000000000006,1.0,1.0,2000.0,55.59358746984635,31.64390307594658,24.303386945983394,11.298579440789453,982.480854750539,0.0,191.19749999999897,51.675000000000004,1.0,5199.51460998422,1299.8786524960549,191.19749999999897,51.675000000000004,0.0,150.7816666666677,6438377.402208336,50000.0,0.0,0.5902248672684726,0.4097751327315274,0.8456722417644403,330.1474583333333,11.639836507386912,5.470497565607972,335.6179558989413,0.9194821603979823,,
2024-09-16,421.59704166666666,382.6979166666667,431.96197916666665,9.131829116666667,3.7000000000000006,1.0,1.0,2000.0,66.64243190781637,22.65905898119945,7.860629375561469,20.61823047257288,672.4431896021949,0.0,244.47749999999897,66.075,1.0,5199.51460998422,1299.8786524960549,244.47749999999897,66.075,1.5043749999999199,140.10088541666758,6425262.7201458365,50000.0,0.0,0.6894520161620089,0.31962396460280434,0.8449676992452058,392.77214583333335,2.543916666666684,7.574282086191169,400.3464279195245,0.9387594080548318,,
2024-09-17,406.2935,348.9192708333333,554.6151041666667,8.8035894375,3.7000000000000006,1.0,1.0,2000.0,17.131112575619486,80.7946907437981,25.306542918169978,22.23528096808643,456.540486780749,0.0,297.7575000000007,80.47500000000001,1.0,5199.51460998422,1299.8786524960549,297.7575000000007,80.47500000000001,8.012875000000188,61.17786458333288,6415620.699604171,50000.0,0.0,0.9052934011910595,0.13418608400996093,0.961419744691678,401.07265624999997,24.873186500810785,20.73241275301544,421.80506900301543,0.9891030897845653,,
2024-09-18,395.68110416666667,330.5833333333333,691.08203125,8.176322133333334,3.7000000000000006,1.0,1.0,2000.0,0.0,195.74845756518027,67.13751703329429,65.64215527909683,271.7259500910318,0.0,351.03750000000247,94.875,1.0,5199.51460998422,1299.8786524960549,351.03750000000247,94.875,42.93404166666821,33.213385416666014,6413441.131937503,50000.0,0.0,1.139133237149482,0.06814775465328878,1.0,395.68110416666667,67.13751703329429,62.360047515141986,458.0411516818087,1.0,,
2024-09-19,401.92196874999996,335.2135416666667,738.7864583333334,7.51537875,3.7000000000000006,1.0,1.0,2000.0,0.0,200.36493271569836,210.41614996509406,192.83325589206353,1325.0039207358338,0.0,404.3175000000044,109.27499999999999,1.0,5199.51460998422,1299.8786524960549,404.3175000000044,109.27499999999999,75.84150000000284,25.697916666665694,6416283.850645836,50000.0,0.0,1.3254757291022738,0.04846602312711357,1.0,401.92196874999996,210.34107704842742,183.12408125186448,585.0460500018645,1.0,,
2024-09-20,397.37196875,293.328125,720.3736979166666,7.012209299999999,3.7000000000000006,1.0,1.0,2000.0,0.0,188.9577906773577,124.29334825614484,119.92043133351335,1152.6313690053453,0.0,457.59750000000605,123.675,1.0,5199.51460998422,1299.8786524960549,457.59750000000605,123.675,138.8235000000046,9.259999999999266,6424741.863354172,50000.0,0.0,1.739780694285339,0.017379775842066906,1.0,397.37196875,124.00606700614482,113.67050242648071,511.04247117648066,1.0,,
2024-09-21,358.12596875,267.234375,660.2947916666667,6.1621451249999994,3.7000000000000006,1.0,1.0,2000.0,19.1491907051745,179.9598006451026,46.697976271540085,43.50896136295135,977.2118206826813,0.0,503.1768750000076,135.99375,1.0,5199.51460998422,1299.8786524960549,503.1768750000076,135.99375,190.01491666667303,1.5761458333332445,6440384.846437506,50000.0,0.0,2.1117738093649177,0.002405411420577252,0.9483674627699589,341.13030208333333,46.697976271540085,41.32794257113849,382.45824465447186,0.9858693227029516,,
2024-09-22,336.6570625,260.8697916666667,651.4479166666666,6.475262175,3.7000000000000006,1.0,1.0,2000.0,4.308028981923195,173.25052123652176,93.75272896507163,78.97828110842681,1077.9840784879596,0.0,470.3625000000065,127.125,1.0,5199.51460998422,1299.8786524960549,470.3625000000065,127.125,167.5941666666722,0.0,6457894.304250008,50000.0,0.0,1.9609463981079198,0.0,0.9892528498340942,336.58329166666664,93.11509354840494,74.6376171680222,411.2209088346888,1.0,,
2024-09-23,381.44219791666666,267.6380208333333,651.6033854166667,9.237034033333334,3.7000000000000006,1.0,1.0,2000.0,0.0,172.76548665341247,5.551109093868532,21.9793771024025,1025.6239326697344,0.0,417.08250000000476,112.72500000000001,1.0,5199.51460998422,1299.8786524960549,417.08250000000476,112.72500000000001,119.55558333333737,0.0,6472676.457333341,50000.0,0.0,1.6791806047121343,0.0,1.0,381.44219791666666,5.551109093868532,20.69665744292543,402.13885535959207,1.0,,
2024-09-24,387.2175208333333,324.6276041666667,620.3078125000001,8.655405683333333,3.7000000000000006,1.0,1.0,2000.0,0.0,133.26911995238848,14.569543104433395,13.818245134683451,336.4118864130416,0.0,364.0021575048379,98.37896148779328,1.0,5199.51460998422,1299.8786524960549,364.0021575048379,98.37896148779328,44.98405933720298,16.85552083333241,6479487.328686853,50000.0,0.0,1.1994117263651847,0.03781094712818766,1.0,387.2175208333333,14.569543104433395,13.127332877949279,400.3448537112826,1.0,,
2024-09-25,378.1629895833333,324.2421875,597.7388020833333,7.83923025,3.7000000000000006,1.0,1.0,2000.0,0.02734439137741714,117.0113441207189,26.4522496628796,25.20928494416835,1187.5487240560858,0.0,370.32702007753386,100.08838380473885,1.0,5199.51460998422,1299.8786524960549,370.32702007753386,100.08838380473885,59.64643237801089,28.473207894978316,6480949.1441171495,50000.0,0.0,1.2433589567503003,0.0572005441395004,0.9999255843807339,378.1629895833333,26.4522496628796,23.94882069695993,402.11181028029324,1.0,,
2024-09-26,397.0201666666667,294.3723958333333,625.70703125,7.3739778,3.7000000000000006,1.0,1.0,2000.0,0.0,112.228368088789,20.206283997809873,19.195969797919382,834.6808111254403,0.0,423.6070200776042,114.4883838047579,1.0,5199.51460998422,1299.8786524960549,423.6070200776042,114.4883838047579,104.68993572419667,1.6277954110075996,6488058.246105332,50000.0,0.0,1.543601512874259,0.003614497773912522,1.0,397.0201666666667,20.206283997809873,18.236171308023412,415.2563379746901,1.0,,
2024-09-27,398.7136666666667,317.140625,645.69296875,4.34187425,3.7000000000000006,1.0,1.0,2000.0,9.738355944737487,124.28883670745999,29.655557562488912,27.48960004908852,1096.9119354464713,0.0,476.88702007759724,128.888383804756,1.0,5199.51460998422,1299.8786524960549,476.88702007759724,128.888383804756,128.33646539253698,0.6741866631908436,6499328.71171287,50000.0,0.0,1.632848992639408,0.0013692096767728772,0.97977577937835,398.52507291666666,26.254010605431954,23.045223917890183,421.5702968345568,0.9996346533838301,,
2024-09-28,395.34639583333336,383.4973958333333,633.2059895833333,3.903648,3.7000000000000006,1.0,1.0,2000.0,48.50554186621908,140.87695794830958,29.218610427334273,28.440859541243512,1215.323111527082,0.0,530.1670200775992,143.28838380475653,1.0,5199.51460998422,1299.8786524960549,530.1670200775992,143.28838380475653,117.33569939543838,0.0,6511633.822020519,50000.0,0.0,1.4812969436210348,0.0,0.8882536908304405,371.20523958333337,28.046689833903372,25.96115822861015,397.16639781194345,0.9684648444280793,,
2024-09-29,361.45872916666667,379.2057291666667,624.2312499999999,5.321515,3.7000000000000006,1.0,1.0,2000.0,43.631163325653255,149.7335731581107,24.203612267886413,22.99343165449209,633.6837238720968,0.0,570.9479575776007,154.31025880475696,1.0,5199.51460998422,1299.8786524960549,570.9479575776007,154.31025880475696,155.47693172496167,2.6039362451499444,6523702.198530376,50000.0,0.0,1.6129850631231084,0.004133138198886789,0.8765660470479006,359.78325,14.728197836130285,13.292198547108569,373.0754485471086,0.9954562850959158,,
2024-09-30,383.23794791666666,330.9817708333333,652.9830729166666,6.099049179166666,3.7000000000000006,1.0,1.0,2000.0,0.0,122.89810663610707,31.88343137574366,30.289259806956476,1032.517282576477,0.0,531.8320200776044,143.73838380475792,1.0,5199.51460998422,1299.8786524960549,531.8320200776044,143.73838380475792,162.64128105570117,2.4513520752546976,6538841.052969468,50000.0,0.0,1.7814107003056823,0.004226305895794122,1.0,383.23794791666666,31.88343137574366,28.77479681660746,412.01274473327413,1.0,,
2024-10-01,409.4980729166667,355.6145833333333,728.0544270833334,8.370367133333334,3.5499999999999994,1.0,1.0,2000.0,0.0,182.05583954367782,25.51833750360065,23.7525271964785,925.9641813449812,0.0,474.09212674395184,133.54707795604276,1.0,5199.51460998422,1299.8786524960549,474.09212674395184,133.54707795604276,97.24540879037653,3.0792175773034387,6551825.435489149,50000.0,0.0,1.4713191205794232,0.005735232230176778,1.0,409.4980729166667,25.51833750360065,22.564900836654576,432.0629737533213,1.0,,
2024-10-02,414.29105208333334,368.1484375,744.6374999999999,9.081520916666667,3.5499999999999994,1.0,1.0,2000.0,0.0,185.80046469438602,73.56817837471343,69.99918510725878,975.1809767402452,0.0,488.04345898309384,137.47703069946306,1.0,5199.51460998422,1299.8786524960549,488.04345898309384,137.47703069946306,99.41909837144702,4.378851481486166,6560875.749314636,50000.0,0.0,1.4543485827126281,0.008032321693920314,1.0,414.29105208333334,73.56817837471343,66.49922585189584,480.79027793522914,1.0,,
2024-10-03,438.4063020833333,412.5625,744.0229166666667,8.007971475,3.5499999999999994,1.0,1.0,2000.0,0.0,160.6478152532747,65.00760779274219,61.81684937987817,1155.6122377599947,0.0,492.3395544911125,138.68719844820072,1.0,5199.51460998422,1299.8786524960549,492.3395544911125,138.68719844820072,71.66534624213469,9.804628311594255,6568802.847755197,50000.0,0.0,1.3074054518955411,0.017857848718523268,1.0,438.4063020833333,65.00760779274219,58.72600691088427,497.13230899421757,1.0,,
2024-10-04,441.715375,456.2109375,746.7106770833334,9.086463925,3.5499999999999994,1.0,1.0,2000.0,0.0,157.18025224227196,29.963093489105358,28.6143594776921,1122.2394860615987,0.0,514.8763723879604,145.03559785576348,1.0,5199.51460998422,1299.8786524960549,514.8763723879604,145.03559785576348,62.05008508707295,18.897171470913417,6572983.522104411,50000.0,0.0,1.2119494289100616,0.031184686094266584,1.0,441.715375,29.963093489105358,27.183641503807493,468.89901650380745,1.0,,
2024-10-05,404.53809375,408.1979166666667,744.9481770833332,8.083928416666668,3.5499999999999994,1.0,1.0,2000.0,0.0,177.94065557031118,28.751731049411816,27.071474886477166,1047.524447017815,0.0,565.9963723879608,159.43559785576363,1.0,5199.51460998422,1299.8786524960549,565.9963723879608,159.43559785576363,129.4271720647824,3.985509359588864,6581023.379709594,50000.0,0.0,1.4653659732190958,0.006305679100842706,1.0,404.53809375,28.751731049411816,25.71790114215331,430.2559948921533,1.0,,
2024-10-06,393.6485104166666,457.2682291666667,704.7346354166666,5.229718083333333,3.5499999999999994,1.0,1.0,2000.0,16.754230107357802,154.57215673419782,28.65383505595476,27.08029176659703,875.1685209877447,0.0,604.7092737589269,170.34064049547237,1.0,5199.51460998422,1299.8786524960549,604.7092737589269,170.34064049547237,124.06459222865813,7.639695693525294,6592123.422483314,50000.0,0.0,1.4031981641136868,0.011391799667670144,0.9592277051731952,390.6125416666667,28.43149008451093,25.527803538605085,416.1403452052718,0.9967786723626141,,
2024-10-07,397.4804270833333,342.8177083333333,713.2351562499999,7.6831392,3.5499999999999994,1.0,1.0,2000.0,0.0,149.74402385179602,30.107313835014313,24.993231647894277,741.088254853746,0.0,566.7467134860134,159.6469615453559,1.0,5199.51460998422,1299.8786524960549,566.7467134860134,159.6469615453559,182.4045273896505,4.076654084501679,6605713.67943216,50000.0,0.0,1.8849320556291618,0.006275747922519705,1.0,397.4804270833333,30.107313835014313,23.741377368433593,421.22180445176696,1.0,,
2024-10-08,406.20245833333337,337.6484375,697.7200520833334,8.246375083333334,3.5499999999999994,1.0,1.0,2000.0,0.0,144.23776307850895,31.79500343954156,33.84949669123595,938.7287231480383,0.0,524.1285642646138,147.64184908862362,1.0,5199.51460998422,1299.8786524960549,524.1285642646138,147.64184908862362,149.18410141162926,-1.1139933420167836e-10,6623649.074088115,50000.0,0.0,1.7473963042065568,-2.788468941218482e-13,1.0,406.20245833333337,31.79500343954156,32.157021856674156,438.35948019000745,1.0,,
2024-10-09,395.8827604166667,325.7005208333333,732.7924479166667,7.2717509875,3.5499999999999994,1.0,1.0,2000.0,0.0,175.68887614795793,28.696678736265067,25.755722871994625,1345.2655126467714,0.0,557.3218461718101,156.99206934417188,1.0,5199.51460998422,1299.8786524960549,557.3218461718101,156.99206934417188,191.90838655075663,8.264157849938625,6636805.08285746,50000.0,0.0,2.029332254645855,0.013046087126287319,1.0,395.8827604166667,28.696678736265067,24.467936728394893,420.35069714506153,1.0,,
2024-10-10,413.72775,335.7265625,717.4989583333332,5.29624305,3.5499999999999994,1.0,1.0,2000.0,0.0,134.16631180788275,34.86705720973375,35.02747897732127,1026.343851412207,0.0,596.4495024218106,168.01394434417202,1.0,5199.51460998422,1299.8786524960549,596.4495024218106,168.01394434417202,208.578351937313,-5.594635865691089e-12,6658263.214731332,50000.0,0.0,2.0049793519282892,-6.657872266161834e-14,1.0,413.72775,34.86705720973375,33.27610502845521,447.00385502845523,1.0,,
2024-10-11,413.7822604166667,393.6354166666667,746.4721354166667,7.6943364,3.5499999999999994,1.0,1.0,2000.0,0.0,159.37706792135555,34.464763583238515,32.86330206302747,912.9496340634058,0.0,603.7420406162512,170.06818045528203,1.0,5199.51460998422,1299.8786524960549,603.7420406162512,170.06818045528203,168.38277465551428,0.3718443698774389,6675591.823490843,50000.0,0.0,1.653676180117846,0.000602563264580374,1.0,413.7822604166667,34.464763583238515,31.220136959876097,445.0023973765428,1.0,,
2024-10-12,411.01764583333335,438.8177083333333,697.5385416666667,5.5898350500000005,3.5499999999999994,1.0,1.0,2000.0,26.26733925137466,125.81562256652359,26.284013560619204,24.969812882588247,572.8137794881163,0.0,654.6552202458853,184.40992119602402,1.0,5199.51460998422,1299.8786524960549,654.6552202458853,184.40992119602402,175.0815193510914,3.014387276298615,6690842.052981794,50000.0,0.0,1.6086062133956442,0.004225457201417141,0.940509840673131,411.01764583333335,25.183118859625235,22.727764770811913,433.74541060414526,1.0,,
2024-10-13,397.1758333333333,379.8151041666667,700.0041666666666,1.148453325,3.5499999999999994,1.0,1.0,2000.0,14.640473144428064,110.42262243294162,166.3975676799535,158.07768929595582,1178.365902147818,0.0,677.4195952458862,190.82242119602427,1.0,5199.51460998422,1299.8786524960549,677.4195952458862,190.82242119602427,238.08359286332163,0.0,6712118.505001343,50000.0,0.0,1.9179530129616564,0.0,0.9682515829920333,397.1758333333333,147.4586875,133.0814654687504,530.2572988020837,1.0,,
2024-10-14,446.9142708333333,446.7916666666667,745.72421875,7.673549154166667,3.5499999999999994,1.0,1.0,2000.0,0.07196792912524745,118.14819580031502,34.341475111911485,32.59755396048258,1171.0217227724254,0.0,629.6277202458847,177.35992119602383,1.0,5199.51460998422,1299.8786524960549,629.6277202458847,177.35992119602383,149.85545809082993,4.4832690343273045,6729837.929970852,50000.0,0.0,1.5330773689422055,0.006148554775139938,0.999875342218364,446.9142708333333,34.341475111911485,30.96767626245791,477.88194709579125,1.0,,
2024-10-15,436.6981666666666,406.9010416666667,744.6809895833334,8.724402195833333,3.5499999999999994,1.0,1.0,2000.0,0.0,132.61349157320714,32.66022975970565,31.054065667553704,736.8612118185812,0.0,611.347147086151,172.21046396792988,1.0,5199.51460998422,1299.8786524960549,611.347147086151,172.21046396792988,168.6675472099782,6.388328592984102,6744234.659718007,50000.0,0.0,1.6777567230641484,0.009126692529806163,1.0,436.6981666666666,32.66022975970565,29.501362384176016,466.1995290508427,1.0,,
2024-10-16,409.24333333333334,312.0833333333333,729.5791666666668,3.5778685958333334,3.5499999999999994,1.0,1.0,2000.0,0.0,131.9335476499819,37.75695132324453,35.62919060107554,855.7177976509752,0.0,654.9503822805067,184.49306543112866,1.0,5199.51460998422,1299.8786524960549,654.9503822805067,184.49306543112866,274.29363915782636,1.7558458390946422e-10,6764338.892506494,50000.0,0.0,2.4331369663955837,5.495605130186674e-13,1.0,409.24333333333334,37.75695132324453,33.84773107102176,443.0910644043551,1.0,,
2024-10-17,404.70127083333335,276.8125,745.3026041666667,5.343356083333333,3.5499999999999994,1.0,1.0,2000.0,0.0,152.9992084095684,76.62667478828612,69.07117399542089,1252.4103183374793,0.0,626.9053822805067,176.59306543112868,1.0,5199.51460998422,1299.8786524960549,626.9053822805067,176.59306543112868,280.0743058243598,1.0671404500802358e-10,6792855.769615638,50000.0,0.0,2.561490943714448,2.9725360726468963e-13,1.0,404.70127083333335,76.62667478828612,65.61761529564986,470.3188861289832,1.0,,
2024-10-18,432.2648541666667,320.765625,745.0968750000001,8.075654854166666,3.5499999999999994,1.0,1.0,2000.0,0.0,152.31588021314877,21.425142441458565,24.317965528843327,1165.485412452945,0.0,575.7853822805014,162.19306543112717,1.0,5199.51460998422,1299.8786524960549,575.7853822805014,162.19306543112717,204.0158058243229,0.0,6816554.730308113,50000.0,0.0,1.9473196177830487,0.0,1.0,432.2648541666667,21.425142441458565,23.102067252401156,455.36692141906786,1.0,,
2024-10-19,415.94186458333337,395.0416666666667,739.7755208333333,7.3164457625,3.5499999999999994,1.0,1.0,2000.0,0.0,162.48279250038868,23.316097088319808,22.015314494563693,951.3726493048229,0.0,564.2700697805009,158.94931543112702,1.0,5199.51460998422,1299.8786524960549,564.2700697805009,158.94931543112702,136.0708836460937,0.8602014437212292,6831623.310317944,50000.0,0.0,1.5373730319981018,0.0014443482847252595,1.0,415.94186458333337,23.316097088319808,20.91454876983551,436.8564133531688,1.0,,
2024-10-20,375.7608125,356.34375,680.6075520833333,3.3395485666666667,3.5499999999999994,1.0,1.0,2000.0,15.125738279870037,143.9257118294389,111.87159709627629,106.37266279401565,739.8111322016404,0.0,586.5636550009008,165.22919859180305,1.0,5199.51460998422,1299.8786524960549,586.5636550009008,165.22919859180305,184.17592400055233,-1.1064601087203606e-10,6847432.481163028,50000.0,0.0,1.775591980007225,-2.3871847005833017e-13,0.9623012331443875,366.3595416666667,111.87159709627629,101.05402965431489,467.4135713209816,0.9947464390376412,,
2024-10-21,419.6581458333333,385.25,732.4776041666668,6.781427333333333,3.5499999999999994,1.0,1.0,2000.0,0.0,153.30610878653997,75.32268506793106,71.15995924441289,1034.131853769778,0.0,538.8638214517437,151.79262576105455,1.0,5199.51460998422,1299.8786524960549,538.8638214517437,151.79262576105455,132.28715239665013,11.74511904399978,6861506.059770499,50000.0,0.0,1.5492212945922272,0.018175782080349076,1.0,419.6581458333333,75.32268506793106,67.60196128219225,487.2601071155256,1.0,,
2024-10-22,413.5245104166667,321.4192708333333,744.6583333333333,9.230456166666666,3.5499999999999994,1.0,1.0,2000.0,0.0,188.33994158952405,48.671742056560525,45.54788051628629,778.4191773895897,0.0,487.74382145174195,137.39262576105406,1.0,5199.51460998422,1299.8786524960549,487.74382145174195,137.39262576105406,135.50513454039006,3.0568675571155772,6874002.223672927,50000.0,0.0,1.6570986478944647,0.005691379094370972,1.0,413.5245104166667,48.671742056560525,43.270486490471974,456.7949969071387,1.0,,
2024-10-23,408.82757291666667,326.234375,726.5544270833334,10.36704975,3.5499999999999994,1.0,1.0,2000.0,0.0,186.53207098923284,56.861239921286376,51.22008684726992,1049.6674551188846,0.0,436.62382145174115,122.99262576105384,1.0,5199.51460998422,1299.8786524960549,436.62382145174115,122.99262576105384,89.41725894480281,1.3821272292971118,6885205.579835613,50000.0,0.0,1.4809601832355226,0.0030269234750315015,1.0,408.82757291666667,56.861239921286376,48.659082504906415,457.48665542157306,1.0,,
2024-10-24,418.627625,350.9296875,687.41640625,9.5743109,3.5499999999999994,1.0,1.0,2000.0,0.0,151.51993675341535,30.671553970959497,23.152984458346634,1182.1672055020776,0.0,385.50382145174314,108.59262576105442,1.0,5199.51460998422,1299.8786524960549,385.50382145174314,108.59262576105442,46.585576797290976,23.657837044880193,6890388.107764284,50000.0,0.0,1.1951498858070204,0.05011194630256677,1.0,418.627625,30.671553970959497,21.995335235429298,440.6229602354293,1.0,,
2024-10-25,425.41639583333335,400.5703125,656.61171875,9.57268915,3.5499999999999994,1.0,1.0,2000.0,0.0,132.24390057225415,27.8437497218184,32.534589566616745,1207.1170487806137,0.0,362.155141123624,102.01553271088001,1.0,5199.51460998422,1299.8786524960549,362.155141123624,102.01553271088001,24.623713130725978,69.19481278983707,6888042.026092321,50000.0,0.0,0.9924599449019276,0.12386389069397001,1.0,425.41639583333335,27.8437497218184,30.907860088285904,456.3242559216192,1.0,,
2024-10-26,409.1849270833333,419.0833333333333,628.7876302083333,9.442592083333333,3.5499999999999994,1.0,1.0,2000.0,0.14300877491716277,109.32796865287783,20.786801217682086,23.574714912280527,654.6275383647065,0.0,397.6955702458842,112.02692119602371,1.0,5199.51460998422,1299.8786524960549,397.6955702458842,112.02692119602371,24.683786758815657,52.24249653604294,6884748.61781732,50000.0,0.0,1.0055118419894156,0.09905330108508138,0.999726671670525,409.1849270833333,20.786801217682086,22.395979166666496,431.5809062499998,1.0,,
2024-10-27,365.02959000000004,349.855,611.963,7.724913632,3.55,1.0,1.0,2000.0,4.585234054855447,123.39556068906117,25.136215172525795,19.84189788573049,666.6910014244872,0.0,432.5201827057291,121.83667118471243,1.0,5199.51460998422,1299.8786524960549,432.5201827057291,121.83667118471243,72.55937685890007,8.034038367895954,6887526.496871837,50000.0,0.0,1.3071599596626036,0.015622575975913943,0.9892016312437094,365.02959000000004,23.74779973659871,17.814256305865808,382.8438463058658,1.0,,
2024-10-28,422.6695208333333,416.453125,581.3174479166667,10.958765533333333,3.5499999999999994,1.0,1.0,2000.0,6.415060886150229,46.66395773767605,27.446329372065733,25.704208509389673,1242.692487637344,0.0,409.56953124999995,115.37169894366195,1.0,5199.51460998422,1299.8786524960549,409.56953124999995,115.37169894366195,32.41697916666659,47.4048177083333,6889295.353630208,50000.0,0.0,1.0575103456365802,0.07958132816461817,0.9860261473646008,422.6695208333333,27.446329372065733,24.192437411684754,446.86195824501806,1.0,,
2024-10-29,425.01008333333334,418.6067708333333,559.2614583333333,11.9798670375,3.5499999999999994,1.0,1.0,2000.0,23.242040908996476,43.73175967645103,34.26153270617314,35.650999286748444,947.0865690697204,0.0,402.4584336131807,113.3685728487833,1.0,5199.51460998422,1299.8786524960549,402.4584336131807,113.3685728487833,27.491372512436286,50.512552860697944,6887130.189471162,50000.0,0.0,1.0274889280881518,0.08447354421276843,0.9471373684363363,425.01008333333334,28.167620272318203,28.36869335085724,453.3787766841906,1.0,,
2024-10-30,425.1953125,431.8619791666667,538.4729166666667,11.94930495,3.5499999999999994,1.0,1.0,2000.0,46.78664446395906,32.01332228841206,38.69013902941379,38.22862922297464,867.7180501609247,0.0,446.1568470149214,125.67798507462577,1.0,5199.51460998422,1299.8786524960549,446.1568470149214,125.67798507462577,44.2219741915402,40.98259989117046,6886027.196495183,50000.0,0.0,1.106513816801275,0.06441169673585578,0.8886560302932182,425.0424791666667,25.660642288493975,24.55807695314545,449.6005561198121,0.9996976197441926,,
2024-10-31,440.61865625,491.9322916666667,521.4502604166667,9.886404016666667,3.5499999999999994,1.0,1.0,2000.0,61.31012826499481,0.3997089552238962,17.067060531397566,16.21370750482769,488.18140365609946,0.0,497.27684701492336,140.0779850746263,1.0,5199.51460998422,1299.8786524960549,497.27684701492336,140.0779850746263,37.79011598258608,41.893089629975876,6886390.513731812,50000.0,0.0,1.0617264848000119,0.062470386698812545,0.8579221655261939,438.55020833333333,9.867939365671715,8.905815277518721,447.45602361085207,0.9959997549166143,,
2024-11-01,452.7425416666667,523.8177083333334,506.6033854166667,7.493797254166666,3.35,1.0,1.0,2000.0,112.49855132919852,0.0,32.696695754425015,21.04419661523315,907.1714094055192,0.0,514.7431984659707,153.654686109245,1.0,5199.51460998422,1299.8786524960549,514.7431984659707,153.654686109245,30.973715096840436,47.791653738378955,6884807.092489437,50000.0,0.0,1.0260846249951223,0.068360137706748,0.7536668773175674,443.5791770833334,3.587114903485819,2.989377908694918,446.5685549920283,0.9820698673926507,,
2024-11-02,421.4647708333334,491.7265625,492.13671875,9.684867729166667,3.35,1.0,1.0,2000.0,93.20181235555663,14.381917331279071,19.24491635516523,28.300334888877575,1055.5541279453505,0.0,526.3930198462125,157.13224473021268,1.0,5199.51460998422,1299.8786524960549,526.3930198462125,157.13224473021268,46.53502377083771,23.502322367314473,6885704.8439331995,50000.0,0.0,1.1063320122353997,0.036598631036883635,0.7802356778840758,419.5694270833333,2.778781469574465,2.7558435679919864,422.32527065132535,0.9960565168668793,,
2024-11-03,401.74134375,486.828125,472.86614583333335,8.8810588625,3.35,1.0,1.0,2000.0,97.48185059609769,4.733181592039814,19.771123519944002,18.782567343946802,517.1506514699762,0.0,542.5183849230589,161.94578654419666,1.0,5199.51460998422,1299.8786524960549,542.5183849230589,161.94578654419666,56.823242792288106,15.338793567292695,6889718.911783788,50000.0,0.0,1.1588788559984462,0.024549853739083163,0.7628238617207169,399.0293541666667,0.6751876646808418,0.6093568673767856,399.6387110340434,0.9940559078650102,,
2024-11-04,450.22837499999997,550.2760416666666,448.88437500000003,11.419191833333334,3.35,1.0,1.0,2000.0,165.9176220214715,0.0,39.473684210526315,37.50000000000001,1083.7528782223749,0.0,538.4285416666664,160.7249378109452,1.0,5199.51460998422,1299.8786524960549,538.4285416666664,160.7249378109452,27.10329166666651,45.7266145833334,6889788.58021875,50000.0,0.0,1.0119202774319194,0.06487536455419494,0.6176458378311828,422.85121875,5.922175438596493,5.344763333333412,428.1959820833334,0.9446670125076412,,
2024-11-05,448.7719479166667,559.9427083333334,422.1192708333333,12.221268049999999,3.35,1.0,1.0,2000.0,188.5368752863968,2.648760261194035,39.47368421052632,37.50000000000001,780.1372304730626,0.0,520.5456249999994,155.38675373134308,1.0,5199.51460998422,1299.8786524960549,520.5456249999994,155.38675373134308,22.718895833333132,67.79570312500037,6887135.260734372,50000.0,0.0,0.9705986582887588,0.09765090275917913,0.5819758769766014,408.5183541666667,0.0,9.651702657233675e-26,408.5183541666667,0.9071855660546236,,
2024-11-06,444.58004166666666,523.9296875,424.09739583333334,12.728340633333334,3.35,1.0,1.0,2000.0,177.7035218098058,0.0,39.473684210526315,37.50000000000001,929.0207136689972,0.0,513.7968424159196,153.37219176594616,1.0,5199.51460998422,1299.8786524960549,513.7968424159196,153.37219176594616,30.918105823242996,48.78047736309364,6883042.166581905,50000.0,0.0,1.0231853365857455,0.07077659022901706,0.6000862147132701,414.61534374999997,0.0,1.7367641616950407e-51,414.61534374999997,0.9331943643561735,,
2024-11-07,452.64141666666666,561.8776041666666,412.22578125,11.9611515,3.35,1.0,1.0,2000.0,208.28325284643975,0.0,39.47368421052632,37.49999999999999,863.849719382866,0.0,549.4634262844767,164.01893321924675,1.0,5199.51460998422,1299.8786524960549,549.4634262844767,164.01893321924675,29.085482025644357,48.77103041424113,6881957.945400861,50000.0,0.0,1.015022738145994,0.0676148896389107,0.541440848461977,407.59998958333335,0.030270833333332803,0.02731942708333285,407.62730901041664,0.9021075306610671,,
2024-11-08,455.936,601.4609375,401.9213541666666,10.8907529875,3.35,1.0,1.0,2000.0,236.4224094898851,0.0,39.61383043729761,37.5,833.532073013485,0.0,597.7034262845015,178.41893321925411,1.0,5199.51460998422,1299.8786524960549,597.7034262845015,178.41893321925411,34.87248937074812,47.34812292889804,6879949.8553802995,50000.0,0.0,1.0276974863628408,0.06100241289678251,0.48361411568706414,398.4430208333333,0.0,4.9013489328589705e-28,398.4430208333333,0.8742729079150484,,
2024-11-09,421.5014791666667,548.9791666666666,388.59739583333334,10.815021925000002,3.35,1.0,1.0,2000.0,224.13533743107982,0.0,19.59669587849186,18.750000000000004,489.6209085333605,0.0,634.6476450345031,189.44705821925461,1.0,5199.51460998422,1299.8786524960549,634.6476450345031,189.44705821925461,79.53315184437292,13.74796143777102,6883156.709962676,50000.0,0.0,1.1923727377883468,0.01910836697842885,0.4724429481586329,378.39753125,0.0,8.7852009294534e-54,378.39753125,0.8990002074224778,,
2024-11-10,409.6093125,590.8958333333334,379.12135416666666,10.75889875,3.35,1.0,1.0,2000.0,226.57943559334151,0.0,19.736842105263158,18.749999999999996,1157.6447520462414,0.0,650.4599027683959,194.167135154745,1.0,5199.51460998422,1299.8786524960549,650.4599027683959,194.167135154745,62.08815996564406,18.046130522057542,6888570.184931789,50000.0,0.0,1.1253019640839035,0.02431623460738612,0.46143884281916675,364.22159375,0.06979166666666654,0.06298697916665812,364.2845807291667,0.8937332989973884,,
2024-11-11,467.1348229166667,638.9817708333334,378.2955729166667,11.4706618875,3.35,1.0,1.0,2000.0,284.1718619919939,0.0,39.47368421052632,37.5,806.3948793688402,0.0,641.4711580679166,191.48392778146763,1.0,5199.51460998422,1299.8786524960549,641.4711580679166,191.48392778146763,36.96751959848675,43.72001226349199,6889772.943712421,50000.0,0.0,1.0345785641040692,0.05482827584853427,0.39994335066349956,376.86576041666666,0.0,8.42780706333812e-15,376.86576041666666,0.803486088686202,,
2024-11-12,468.48765625000004,613.1510416666666,363.3299479166667,12.870636300000001,3.35,1.0,1.0,2000.0,294.3864288769842,0.0,39.473684210526315,37.5,865.4876238699903,0.0,621.0231217159675,185.3800363331246,1.0,5199.51460998422,1299.8786524960549,621.0231217159675,185.3800363331246,37.01278535493485,38.393901644378815,6890062.282845158,50000.0,0.0,1.044138618467712,0.05155837642853758,0.38372785024179473,362.5591145833334,0.0,1.514553274609501e-40,362.5591145833334,0.769623201018979,,
2024-11-13,478.54084375,612.828125,350.94114583333334,13.709557854166667,3.35,1.0,1.0,2000.0,320.08394604534936,0.0,36.79488005552404,31.687124035165223,986.6545344733058,0.0,622.4036552869949,185.79213590656568,1.0,5199.51460998422,1299.8786524960549,622.4036552869949,185.79213590656568,38.15255326178934,38.11516129020804,6889728.311645452,50000.0,0.0,1.0470993322482178,0.049468935916386396,0.34670384448592756,349.73338541666664,0.0,2.7257642324222357e-66,349.73338541666664,0.7245982951247273,,
2024-11-14,488.551125,641.4817708333334,343.2356770833333,12.2761616625,3.35,1.0,1.0,2000.0,342.10142316820793,0.0,28.72283948288766,30.3113448201614,1064.896767203852,0.0,659.4773597151533,196.85891334780695,1.0,5199.51460998422,1299.8786524960549,659.4773597151533,196.85891334780695,35.7942829004394,26.747264743567182,6890959.05041775,50000.0,0.0,1.048282887113834,0.035329669255103134,0.31331440599309063,342.9605104166667,0.0,1.1325395398763025e-79,342.9605104166667,0.6952355594081773,,
2024-11-15,512.14596875,736.921875,333.23463541666666,11.884557079166667,3.35,1.0,1.0,2000.0,378.0753960349525,0.0,42.39239327362091,40.25442388555654,739.1437142855725,0.0,653.294796599578,195.01337211927702,1.0,5199.51460998422,1299.8786524960549,653.294796599578,195.01337211927702,6.066728211471379,91.21048866478668,6886841.565730152,50000.0,0.0,0.9017749697688274,0.11071466366681787,0.27529798823113166,333.23463541666666,0.0,2.128862116448502e-104,333.23463541666666,0.6419988335003146,,
2024-11-16,487.93325,726.6484375,324.59765625,11.029219179166667,3.35,1.0,1.0,2000.0,347.1200999809966,0.0,33.29658804113874,31.71100413623375,765.8889938430125,0.0,605.0547965995876,180.6133721192799,1.0,5199.51460998422,1299.8786524960549,605.0547965995876,180.6133721192799,1.091677329991947,122.95823756288041,6877052.791105922,50000.0,0.0,0.8441780037281682,0.1581338851230035,0.2953025699436154,324.59765625,0.0,5.260984697984159e-142,324.59765625,0.6626987159860712,,
2024-11-17,465.1248333333333,699.5416666666666,318.8794270833333,11.154562329166666,3.35,1.0,1.0,2000.0,314.3283338438386,0.0,20.95283037210531,20.08765778689591,742.0989757322887,0.0,556.8147965996027,166.2133721192844,1.0,5199.51460998422,1299.8786524960549,556.8147965996027,166.2133721192844,1.2005939966503225,144.22761256286648,6863069.707301591,50000.0,0.0,0.8128288092427266,0.19017110225939163,0.33209548643937975,318.8794270833333,0.0,2.935668345636561e-190,318.8794270833333,0.6855705394646763,,
2024-11-18,480.14934375,584.0338541666666,314.09270833333335,12.7638343,3.35,1.0,1.0,2000.0,321.71869174647884,0.0,39.473684210526315,37.5,1026.9567409842582,0.0,508.57479659960774,151.8133721192859,1.0,5199.51460998422,1299.8786524960549,508.57479659960774,151.8133721192859,5.305683154914895,82.091161510702,6853315.749580582,50000.0,0.0,0.8898257934846111,0.12547384799831718,0.34940048492263026,314.09270833333335,0.0,4.342528110452259e-215,314.09270833333335,0.6438502012361512,,
2024-11-19,490.8049270833333,594.0833333333334,302.6299479166667,12.538603579166667,3.35,1.0,1.0,2000.0,328.5310053040726,0.0,30.18106685251425,28.672013509888533,994.9350317681477,0.0,460.3347965996074,137.41337211928578,1.0,5199.51460998422,1299.8786524960549,460.3347965996074,137.41337211928578,2.8538459383245987,137.31584415658503,6843550.170746923,50000.0,0.0,0.7978067036416726,0.21059262053111602,0.33888041027853716,302.57303125000004,0.0,7.836843399461728e-241,302.57303125000004,0.6121960385703444,,
2024-11-20,507.6973958333333,675.9557291666666,238.45364583333333,12.044095650000001,3.35,1.0,1.0,2000.0,403.8129074963479,0.0,26.840493935847544,16.08916690398495,1413.1706683255632,0.0,412.0947965996084,123.01337211928609,1.0,5199.51460998422,1299.8786524960549,412.0947965996084,123.01337211928609,2.234015994960958,266.65345256077336,6826175.426748118,50000.0,0.0,0.6387773931289077,0.3684269276368158,0.21676710074638883,238.45364583333333,0.0,3.51712787859804e-254,238.45364583333333,0.4671745949298405,,
2024-11-21,565.55109375,790.3072916666666,197.37994791666665,12.384680975,3.35,1.0,1.0,2000.0,474.3768730124744,0.0,30.123938946538455,34.24377251229782,1204.2206520966288,0.0,363.8547965996066,108.61337211928554,1.0,5199.51460998422,1299.8786524960549,363.8547965996066,108.61337211928554,0.0,426.45249506706006,6791938.298309851,50000.0,0.0,0.4690365695391945,0.5309634304608055,0.16912750114093855,197.37994791666665,0.0,1.4439029770579943e-254,197.37994791666665,0.3364081059325042,,
2024-11-22,575.0153125,838.4427083333334,187.50052083333333,12.026633933333335,3.35,1.0,1.0,2000.0,490.3716930182159,0.0,28.653485120321616,21.063111461112808,981.1042807381881,0.0,315.6147965996043,94.21337211928487,1.0,5199.51460998422,1299.8786524960549,315.6147965996043,94.21337211928487,0.0,522.827911733729,6746217.158887581,50000.0,0.0,0.383804775336279,0.6161952246637209,0.14613931210361977,187.50052083333333,0.0,2.494481646858707e-257,187.50052083333333,0.31957274004636416,,
2024-11-23,543.9236458333334,828.8645833333334,186.15390625,12.014155366666666,3.35,1.0,1.0,2000.0,451.5137702250181,0.0,20.14498763446989,20.01179380217849,840.8841988574609,0.0,310.244327849603,92.61024711928447,1.0,5199.51460998422,1299.8786524960549,310.244327849603,92.61024711928447,0.0,518.6202554837262,6695000.382069479,50000.0,0.0,0.38000488275737276,0.6199951172426227,0.17318831573580343,186.15390625,0.0,2.595194990086906e-270,186.15390625,0.33218759723732916,,
2024-11-24,501.66327083333334,775.125,220.30963541666665,11.534677066666667,3.35,1.0,1.0,2000.0,390.0976136398347,0.0,20.852032603888727,20.07518578947965,983.4147489562525,0.0,358.32729659960484,106.96337211928501,1.0,5199.51460998422,1299.8786524960549,358.32729659960484,106.96337211928501,0.0,416.79770340039516,6650034.018168041,50000.0,0.0,0.4664497177874029,0.533550282212597,0.23377509666755758,220.30963541666665,0.0,2.9696598169001435e-283,220.30963541666665,0.4360436777003079,,
2024-11-25,535.9560833333334,745.2317708333334,279.97838541666664,12.24610275,3.35,1.0,1.0,2000.0,372.3225541342775,0.0,12.94543907783551,18.90942629422133,1529.414939501529,0.0,406.56729659960666,121.36337211928556,1.0,5199.51460998422,1299.8786524960549,406.56729659960666,121.36337211928556,0.0,338.66447423372665,6612908.081245769,50000.0,0.0,0.5596696542122422,0.4403303457877578,0.3063245410383649,279.97838541666664,0.0,2.827256160132506e-296,279.97838541666664,0.5081788967293838,,
2024-11-26,524.8549166666667,699.640625,294.16640624999997,12.537924675,3.35,1.0,1.0,2000.0,371.9973412616226,0.0,32.26755978967055,28.128527435790208,1331.8509882650462,0.0,454.80729659960843,135.76337211928612,1.0,5199.51460998422,1299.8786524960549,454.80729659960843,135.76337211928612,0.0,244.83332840039554,6586508.574948496,50000.0,0.0,0.6678384231347035,0.332161576865303,0.29321055663081314,294.16640624999997,0.0,2.6998461108946804e-297,294.16640624999997,0.5531209761639236,,
2024-11-27,519.9752291666667,720.9322916666666,355.76953125,12.9477717375,3.35,1.0,1.0,2000.0,315.62236605513414,0.0,23.545574270555306,23.46555605407842,468.66659454897643,0.0,503.04729659961026,150.16337211928666,1.0,5199.51460998422,1299.8786524960549,503.04729659961026,150.16337211928666,0.0,217.88499506707296,6563708.7362553915,50000.0,0.0,0.7136127216649683,0.28638727833506106,0.3940177529755933,355.76953125,0.0,2.8700847394652e-310,355.76953125,0.672921032777119,,
2024-11-28,543.6334895833334,714.8125,375.4752604166667,12.233939,3.35,1.0,1.0,2000.0,330.90008886125094,0.0,16.57300876382796,19.362653882664098,1331.5961934493134,0.0,551.2872965996121,164.5633721192872,1.0,5199.51460998422,1299.8786524960549,551.2872965996121,164.5633721192872,0.9314098865730918,164.6894657585821,6545420.625170321,50000.0,0.0,0.7861917141856924,0.21598277692510573,0.3901453247970417,375.4752604166667,0.0,0.0,375.4752604166667,0.6854022420388802,,
2024-11-29,545.1711041666666,749.5208333333334,296.4526041666667,12.8914522875,3.35,1.0,1.0,2000.0,441.2453339586356,0.0,39.8529819490533,26.185808026587836,1004.3453493812785,0.0,594.7937382767167,177.5503696348408,1.0,5199.51460998422,1299.8786524960549,594.7937382767167,177.5503696348408,1.9659864399569014,157.18457810658907,6531022.680739333,50000.0,0.0,0.8099602805772453,0.19467193622511833,0.20083057007301164,296.4526041666667,0.0,0.0,296.4526041666667,0.540679874527606,,
2024-11-30,538.598625,782.0442708333334,295.63880208333336,10.8416880625,3.35,1.0,1.0,2000.0,422.4302362295903,0.0,32.39990953624925,40.588271054095515,884.3547736096151,0.0,621.8583602815186,185.62936127806526,1.0,5199.51460998422,1299.8786524960549,621.8583602815186,185.62936127806526,0.6537545951698597,161.0031037958182,6515893.071273108,50000.0,0.0,0.8068486966132475,0.19448963233886155,0.22300886765877517,295.63880208333336,0.0,0.0,295.63880208333336,0.5429089820731239,,
2024-12-01,522.9925729166666,806.6822916666666,304.3859375,9.7914001375,3.1,1.0,1.0,2000.0,409.7844070748845,0.0,23.647639169115113,24.33142504101343,727.8614675478724,0.0,590.9994574620029,190.64498627806543,1.0,5199.51460998422,1299.8786524960549,590.9994574620029,190.64498627806543,0.0,215.6828342046514,6497984.784229229,50000.0,0.0,0.7426214556412175,0.25737854435875845,0.23901679882360713,304.3859375,0.0,0.0,304.3859375,0.5814601844874158,,
2024-12-02,545.6355729166667,747.1614583333334,323.1791666666667,11.843275533333333,3.1,1.0,1.0,2000.0,403.6264563542677,0.0,22.953530777140994,19.539833632566552,1160.9251033846238,0.0,548.0160199620012,176.77936127806493,1.0,5199.51460998422,1299.8786524960549,548.0160199620012,176.77936127806493,0.09436266635000327,199.26339170426206,6477048.279657915,50000.0,0.0,0.7528360735891549,0.24739251814133414,0.2770067374863743,323.1791666666667,0.0,0.0,323.1791666666667,0.5871046063242181,,
2024-12-03,538.0041770833333,726.8255208333334,272.6244791666667,13.454801937500001,3.1,1.0,1.0,2000.0,444.8638448334655,0.0,37.31282786165699,21.271623392550072,1471.446218691464,0.0,503.3760199619999,162.37936127806447,1.0,5199.51460998422,1299.8786524960549,503.3760199619999,162.37936127806447,0.8826713323538709,224.55284003679472,6458190.092408798,50000.0,0.0,0.7129648342869938,0.2893906498571649,0.2091439824007845,272.6244791666667,0.0,0.0,272.6244791666667,0.49878401404904177,,
2024-12-04,529.6597916666667,737.3828125,188.23046875,16.582401729166666,3.1,1.0,1.0,2000.0,482.6441355781299,0.0,28.55269868341436,37.358428626162805,1220.6552423892063,0.0,459.27312563600134,148.15262117290365,1.0,5199.51460998422,1299.8786524960549,459.27312563600134,148.15262117290365,0.0,278.1096868640084,6433408.692733861,50000.0,0.0,0.6343127663553091,0.36568723364470546,0.13767666202017526,188.23046875,0.0,0.0,188.23046875,0.3415874642511989,,
2024-12-05,557.9142708333333,798.5182291666666,248.01796875,12.208237541666668,3.1,1.0,1.0,2000.0,456.9649128159196,0.0,14.732576434154923,19.651890349216696,320.56229007688427,0.0,468.11652340357955,151.00533013018693,1.0,5199.51460998422,1299.8786524960549,468.11652340357955,151.00533013018693,0.0,330.4017057631047,6402933.88804388,50000.0,0.0,0.5969686941166172,0.40303130588340835,0.203463318614949,248.01796875,0.0,0.0,248.01796875,0.42902767372865896,,
2024-12-06,540.0730520833333,714.484375,295.53984375,11.920617316666666,3.1,1.0,1.0,2000.0,394.24907541264434,0.0,19.49745375567137,19.074857135940714,595.4965106721204,0.0,459.8525355686283,148.3395276027833,1.0,5199.51460998422,1299.8786524960549,459.8525355686283,148.3395276027833,0.0,254.63183943139913,6376381.421164538,50000.0,0.0,0.6529317258400976,0.3470682741599402,0.2959317404348464,295.53984375,0.0,0.0,295.53984375,0.5331105917398257,,
2024-12-07,511.1942395833333,739.21875,289.38828125,11.066102483333333,3.1,1.0,1.0,2000.0,364.7467519268533,0.0,10.862649320919457,1.9593508738764225,737.3262832427532,0.0,415.2125355686276,133.9395276027831,1.0,5199.51460998422,1299.8786524960549,415.2125355686276,133.9395276027831,0.0,324.00621443135543,6348293.000620793,50000.0,0.0,0.568861074915955,0.4311389250840232,0.30594308374543094,289.38828125,0.0,0.0,289.38828125,0.5575514561395114,,
2024-12-08,501.78151041666666,750.0364583333334,232.44010416666666,10.96823365,3.1,1.0,1.0,2000.0,383.1809175644178,0.0,13.596221669502377,20.311829429333734,1241.9433892422417,0.0,370.5725355686259,119.53952760278254,1.0,5199.51460998422,1299.8786524960549,370.5725355686259,119.53952760278254,0.0,379.46392276470556,6314442.608827047,50000.0,0.0,0.4999466440086535,0.5000533559913408,0.26251323769876045,232.44010416666666,0.0,0.0,232.44010416666666,0.46412962055107787,,
2024-12-09,537.9701770833334,767.6796875,207.77057291666665,12.308439,3.1,1.0,1.0,2000.0,445.6494710671445,0.0,29.830397212156893,20.547429383643234,1181.5034795661797,0.0,325.9325355686242,105.139527602782,1.0,5199.51460998422,1299.8786524960549,325.9325355686242,105.139527602782,0.0,441.7471519313865,6275343.511408303,50000.0,0.0,0.4341702966644972,0.5658297033355192,0.20935853122047884,207.77057291666665,0.0,0.0,207.77057291666665,0.375266658885677,,
2024-12-10,550.8203020833333,782.5286458333334,162.78229166666668,14.201445825,3.1,1.0,1.0,2000.0,477.89059837062945,0.0,23.381698344986095,25.545934730336175,1216.9220262002607,0.0,281.29253556866746,90.73952760279595,1.0,5199.51460998422,1299.8786524960549,281.29253556866746,90.73952760279595,0.0,501.23611026463976,6229737.656281225,50000.0,0.0,0.3658045531727104,0.6341954468272507,0.1645072705976852,162.78229166666668,0.0,0.0,162.78229166666668,0.2827725278650326,,
2024-12-11,547.788375,811.21875,153.26223958333333,18.623568000000002,3.1,1.0,1.0,2000.0,472.8974243178755,0.0,33.15099629620886,32.757089471363564,813.5684887950171,0.0,236.6525355686658,76.33952760279541,1.0,5199.51460998422,1299.8786524960549,236.6525355686658,76.33952760279541,0.0,574.566214431343,6178397.267404151,50000.0,0.0,0.29694453531082604,0.703055464689183,0.17068203114577396,153.26223958333333,0.0,0.0,153.26223958333333,0.2677087203738098,,
2024-12-12,577.4981875,880.78125,145.43958333333333,16.2942715,3.1,1.0,1.0,2000.0,509.3722087454162,0.0,34.56367850129558,25.26537002667487,1387.269636565821,0.0,206.93128556866466,66.75202760279505,1.0,5199.51460998422,1299.8786524960549,206.93128556866466,66.75202760279505,0.0,673.8499644313354,6118698.649985414,50000.0,0.0,0.23954702655739876,0.7604529734426012,0.14225352691148985,145.43958333333333,0.0,0.0,145.43958333333333,0.2385331410506687,,
2024-12-13,592.57978125,932.828125,157.71640625,17.639537645833332,3.1,1.0,1.0,2000.0,507.07047120206903,0.0,35.793649005232105,44.3958741115353,936.9866752855106,0.0,243.62753556866605,78.5895276027955,1.0,5199.51460998422,1299.8786524960549,243.62753556866605,78.5895276027955,0.0,689.2005894313339,6051439.298608341,50000.0,0.0,0.2652618652753877,0.7347381347246124,0.15422964890581148,157.71640625,0.0,0.0,157.71640625,0.2559565095848707,,
2024-12-14,561.7602604166667,854.5208333333334,167.5984375,11.407545708333332,3.1,1.0,1.0,2000.0,487.481638166855,0.0,16.41910833963215,16.93560072867353,875.9621630910909,0.0,288.26753556866777,92.98952760279604,1.0,5199.51460998422,1299.8786524960549,288.26753556866777,92.98952760279604,0.0,566.2532977647255,5991404.829418763,50000.0,0.0,0.3410739923312803,0.6589260076687883,0.15076468174555333,167.5984375,0.0,0.0,167.5984375,0.29212774003428393,,
2024-12-15,529.5377083333334,822.1979166666666,223.98776041666667,9.7288429375,3.1,1.0,1.0,2000.0,415.4919431688456,0.0,19.73811264969721,18.090152631910446,1172.4787259111906,0.0,332.90753556866946,107.38952760279659,1.0,5199.51460998422,1299.8786524960549,332.90753556866946,107.38952760279659,0.0,489.2903810979972,5941843.055437519,50000.0,0.0,0.40878391362650857,0.5912160863734913,0.22556596465765644,223.98776041666667,0.0,0.0,223.98776041666667,0.42871307690613536,,
2024-12-16,578.8833333333333,881.0572916666666,258.88671875,10.82032545,3.1,1.0,1.0,2000.0,443.65026241156266,0.0,23.32248522133817,22.58775262726942,1188.7626156819542,0.0,377.5475355686711,121.78952760279714,1.0,5199.51460998422,1299.8786524960549,377.5475355686711,121.78952760279714,0.0,503.50975609799553,5893321.528747943,50000.0,0.0,0.4342566907537296,0.5657433092462704,0.2408866528810963,258.88671875,0.0,0.0,258.88671875,0.44049127768227647,,
2024-12-17,573.4343958333333,867.5390625,260.76927083333334,11.310582358333333,3.1,1.0,1.0,2000.0,451.35641627984063,0.0,26.69439610877578,25.465928875508226,1020.9492238895867,0.0,422.1875355686728,136.18952760279765,1.0,5199.51460998422,1299.8786524960549,422.1875355686728,136.18952760279765,0.0,445.3515269313272,5847505.501954203,50000.0,0.0,0.4952176736845521,0.504782326315448,0.2243727020003867,260.76927083333334,0.0,0.0,260.76927083333334,0.4468163224543013,,
2024-12-18,553.1247604166666,793.2005208333334,271.4830729166667,11.316412033333334,3.1,1.0,1.0,2000.0,434.11154183165735,0.0,21.53685562155378,20.583422986608596,1235.7825719625755,0.0,466.5104766968834,150.48725054738176,1.0,5199.51460998422,1299.8786524960549,466.5104766968834,150.48725054738176,0.0,326.6900441364499,5809560.655687203,50000.0,0.0,0.601799315793825,0.39820068420617494,0.23507214033426801,271.4830729166667,0.0,0.0,271.4830729166667,0.48385131855700164,,
2024-12-19,551.489625,740.4661458333334,254.61822916666665,10.667964079166666,3.1,1.0,1.0,2000.0,448.7744566188049,0.0,29.008983704534273,26.59802721761966,712.2605109204741,0.0,459.30282910679557,148.16220293767597,1.0,5199.51460998422,1299.8786524960549,459.30282910679557,148.16220293767597,0.0,281.16331672653774,5782262.330472458,50000.0,0.0,0.6294159757296166,0.37058402427038345,0.2114725747071375,254.61822916666665,0.0,0.0,254.61822916666665,0.4576894294081435,,
2024-12-20,592.71803125,872.7942708333334,194.69635416666665,9.8247209625,3.1,1.0,1.0,2000.0,540.2255326490414,0.0,32.484250923262444,25.539945187390188,1157.1702802961183,0.0,415.3459129684455,133.98255257046603,1.0,5199.51460998422,1299.8786524960549,415.3459129684455,133.98255257046603,0.0,457.44835786488784,5747602.682424311,50000.0,0.0,0.4841622568671477,0.5158377431328524,0.10564986571168412,194.69635416666665,0.0,0.0,194.69635416666665,0.3268841024667275,,
2024-12-21,562.4140416666667,877.1822916666666,237.8473958333333,9.59806785,3.1,1.0,1.0,2000.0,460.1739610318157,0.0,30.42578704792379,33.83194405204609,779.1847903959402,0.0,425.6978125000065,137.321875,1.0,5199.51460998422,1299.8786524960549,425.6978125000065,137.321875,0.0,451.48447916666015,5702182.631770834,50000.0,0.0,0.49306285265005156,0.5069371473499484,0.19775076526246402,237.8473958333333,0.0,0.0,237.8473958333333,0.4103682898303622,,
2024-12-22,552.4131979166667,840.0651041666666,275.7583333333333,9.2052308625,3.1,1.0,1.0,2000.0,417.2635525688028,0.0,38.853803308955385,36.96854244577707,845.2184074919778,0.0,424.3125000000064,136.875,1.0,5199.51460998422,1299.8786524960549,424.3125000000064,136.875,0.0,415.7526041666602,5662263.266666667,50000.0,0.0,0.5106627286760352,0.4893372713239647,0.2655578231626317,275.7583333333333,0.0,0.0,275.7583333333333,0.5056402474048781,,
2024-12-23,603.4433854166667,912.8203125,253.99609375,9.32822,3.1,1.0,1.0,2000.0,473.51047138333143,0.0,25.81855773853432,25.50566107565399,937.6343587186451,0.0,379.67250000000496,122.47500000000001,1.0,5199.51460998422,1299.8786524960549,379.67250000000496,122.47500000000001,0.0,533.147812499995,5616118.906354167,50000.0,0.0,0.4228273719544953,0.5771726280455046,0.22218026284773332,253.99609375,0.0,0.0,253.99609375,0.4167166508654139,,
2024-12-24,581.5695833333333,901.28125,279.39739583333335,9.481603583333333,3.1,1.0,1.0,2000.0,413.70689950480465,0.0,36.49173116280807,34.77054648211013,851.9954294213294,0.0,335.0325000000035,108.075,1.0,5199.51460998422,1299.8786524960549,335.0325000000035,108.075,0.0,566.2487499999964,5563968.384687501,50000.0,0.0,0.37752250642405977,0.6224774935759402,0.2935004342406286,279.39739583333335,0.0,0.0,279.39739583333335,0.4747597796507057,,
2024-12-25,576.3929791666667,980.546875,278.58697916666665,9.005983233333334,3.1,1.0,1.0,2000.0,394.9638984591934,0.0,19.98760968195509,17.37338023448674,1135.3028777952402,0.0,290.3925000000019,93.675,1.0,5199.51460998422,1299.8786524960549,290.3925000000019,93.675,0.0,690.1543749999981,5503175.626145833,50000.0,0.0,0.2998952951387179,0.7001047048612822,0.3112507699927902,278.58697916666665,0.0,0.0,278.58697916666665,0.4836618967928521,,
2024-12-26,615.21784375,983.2005208333334,259.640625,10.728791033333332,3.1,1.0,1.0,2000.0,437.5115486152313,0.0,24.135994844037167,22.60701576716428,1143.379642316558,0.0,245.75250000000042,79.27499999999999,1.0,5199.51460998422,1299.8786524960549,245.75250000000042,79.27499999999999,0.0,737.448020833333,5434072.859895834,50000.0,0.0,0.2521121588428972,0.7478878411571027,0.28336895653648825,259.640625,0.0,0.0,259.640625,0.4186946108277594,,
2024-12-27,653.605,1040.296875,256.39453125,11.8611972,3.1,1.0,1.0,2000.0,464.38084036729265,0.0,36.47931675414271,35.98310014405234,938.5601969138976,0.0,201.11249999999907,64.875,1.0,5199.51460998422,1299.8786524960549,201.11249999999907,64.875,0.0,839.1843750000008,5359117.481770834,50000.0,0.0,0.19639394237254737,0.8036060576274525,0.2768405158001692,256.39453125,0.0,0.0,256.39453125,0.385072863254041,,
2024-12-28,665.2543020833333,1043.6666666666667,253.69453124999998,11.233348650000002,3.1,1.0,1.0,2000.0,465.3838602178425,0.0,29.019948707138827,27.021957181715138,898.4028841901595,0.0,156.47249999999917,50.475,1.0,5199.51460998422,1299.8786524960549,156.47249999999917,50.475,0.0,887.1941666666675,5276183.387604167,50000.0,0.0,0.15170521306932658,0.8482947869306733,0.28606094032266477,253.69453124999998,0.0,0.0,253.69453124999998,0.3747860805856485,,
2024-12-29,660.7040416666667,1052.0859375,248.69583333333333,10.3334859,3.1,1.0,1.0,2000.0,457.83992423196213,0.0,29.98392821841342,21.291802441878428,1147.3452318123136,0.0,111.83249999999954,36.074999999999996,1.0,5199.51460998422,1299.8786524960549,111.83249999999954,36.074999999999996,0.0,940.2534375000005,5188831.468020834,50000.0,0.0,0.107828983237143,0.892171016762857,0.2927514900012898,248.69583333333333,0.0,0.0,248.69583333333333,0.37100327411779604,,
2024-12-30,698.4786666666668,1082.484375,242.45442708333334,11.76151375,3.1,1.0,1.0,2000.0,471.1413693229536,0.0,14.27297291972537,21.927203347479036,1327.530151780041,0.0,67.19249999999992,21.675,1.0,5199.51460998422,1299.8786524960549,67.19249999999992,21.675,0.0,1015.291875,5094015.168333334,50000.0,0.0,0.06275314447024932,0.9372468555297506,0.3111772521687827,242.45442708333334,0.0,0.0,242.45442708333334,0.3416643502902308,,
2024-12-31,673.9066145833334,1089.8125,158.475,10.697247816666668,3.1,1.0,1.0,2000.0,539.9941607326269,0.0,27.189106362595393,10.42269496137031,1291.2638844424462,0.0,22.552500000000023,7.2749999999999995,1.0,5199.51460998422,1299.8786524960549,22.552500000000023,7.2749999999999995,0.0,1067.26,4994054.730729167,50000.0,0.0,0.020933246235752604,0.9790667537642473,0.194363587507159,158.475,0.0,0.0,158.475,0.23660433292775843,,
2025-01-01,642.008,941.0,158.475,0.0,2.95,1.0,1.0,2000.0,246.033,0.0,0.0,250.0,1347.8468415918237,0.0,0.0,0.0,0.0,5199.51460998422,1299.8786524960549,0.0,0.0,0.0,941.0,4942025.0,50000.0,0.0,0.0,1.0,0.6167758034167798,158.475,0.0,0.0,158.475,0.2468427184707978,,
